S. NO.,MET. SUBDIVION/STATE/,05.06.2024,12.06.2024,19.06.2024,26.06.2024,03.07.2024,10.07.2024,17.07.2024,24.07.2024,31.07.2024,07.08.2024,14.08.2024,21.08.2024,28.08.2024
1,A & N ISLAND,-11%,19%,-18%,31%,25%,24%,23%,16%,7%,8%,3%,1%,3%
1,NICOBAR,1%,-52%,-44%,-25%,-18%,-7%,0%,-12%,-14%,-10%,-10%,-14%,-3%
2,NORTH & MIDDLE ANDAMAN,-47%,65%,1%,56%,35%,29%,22%,20%,8%,2%,-3%,-4%,-5%
3,SOUTH ANDAMAN,23%,-1%,-31%,23%,30%,29%,33%,23%,14%,23%,15%,13%,15%
2,ARUNACHAL PRADESH,8%,-39%,-27%,-28%,-4%,0%,-4%,-10%,-19%,-17%,-14%,-18%,-20%
1,ANJAW,-66%,-83%,-82%,-84%,-38%,-37%,-46%,-55%,-60%,-58%,-58%,-61%,-63%
2,CHANGLANG,64%,-17%,-14%,-20%,47%,51%,37%,26%,23%,33%,36%,27%,36%
3,DIBANG VALLEY,13%,-48%,-36%,-26%,8%,-10%,,,-21%,-17%,-19%,-21%,-21%
4,EAST KAMENG,41%,-38%,-33%,-37%,-20%,-9%,-13%,-19%,-23%,-21%,-20%,-22%,-26%
5,EAST SIANG,10%,-53%,-48%,-56%,-15%,-18%,-24%,-31%,-38%,-37%,-34%,-38%,-39%
6,KURUNG KUMEY,,,,,,,,,,,,,
7,LOHIT,100%,-31%,-37%,-40%,11%,15%,3%,-3%,-12%,-4%,-4%,-9%,-7%
8,LOWER DIBANG VALLEY,-35%,-62%,-10%,-13%,47%,37%,36%,29%,21%,26%,38%,33%,34%
9,LOWER SUBANSIRI,-62%,-78%,-59%,-43%,-1%,-4%,-22%,-26%,-34%,-36%,-39%,-42%,-44%
10,PAPUMPARA,-42%,-72%,-32%,-41%,-26%,-10%,-19%,-21%,-24%,-21%,-19%,-22%,-26%
11,TAWANG,-21%,-29%,-41%,-40%,-19%,-23%,-30%,-40%,-40%,-41%,-40%,-43%,-45%
12,TIRAP,36%,-4%,-10%,-10%,-17%,4%,-4%,-5%,-16%,-20%,-20%,-26%,-29%
13,UPPER SIANG,-51%,-52%,-39%,-56%,-36%,-14%,-25%,-25%,-27%,-25%,-26%,-26%,-29%
14,UPPER SUBANSIRI,198%,123%,163%,127%,78%,82%,76%,69%,68%,69%,71%,60%,52%
15,WEST KAMENG,-60%,-62%,-58%,-58%,-46%,-49%,-55%,-55%,-58%,-55%,-44%,-47%,-49%
16,WEST SIANG,6%,-53%,-55%,-25%,-6%,7%,-4%,-16%,-26%,-29%,-25%,-30%,-32%
3,ASSAM & MEGHALAYA,51%,-18%,40%,17%,27%,16%,12%,4%,-3%,-2%,-4%,-3%,-7%
,ASSAM,32%,-23%,28%,10%,18%,12%,7%,0%,-5%,-4%,-6%,-8%,-11%
1,BAKSA,42%,-5%,80%,51%,45%,32%,26%,31%,21%,23%,20%,17%,10%
2,BARPETA,-24%,-15%,92%,53%,43%,31%,26%,16%,10%,9%,7%,3%,-3%
3,BONGAIGAON,-17%,-53%,30%,5%,-5%,-11%,-13%,-19%,-24%,-18%,-20%,-23%,-26%
4,CACHAR,-24%,-44%,-1%,-4%,4%,6%,6%,-5%,-3%,2%,-2%,-3%,-6%
5,CHIRANG,-80%,-79%,1%,-5%,-7%,-13%,-16%,-20%,-25%,-22%,-26%,-27%,-33%
6,DARRANG,33%,-42%,-31%,-36%,-40%,-44%,-48%,-42%,-44%,-47%,-48%,-50%,-52%
7,DHEMAJI,5%,-43%,1%,-10%,16%,13%,-2%,-11%,-18%,-14%,-19%,-23%,-26%
8,DHUBRI,21%,-1%,94%,65%,66%,55%,50%,36%,27%,26%,17%,14%,7%
9,DIBRUGARH,93%,3%,19%,-3%,29%,22%,11%,4%,-5%,-2%,6%,1%,-3%
10,DIMA HASAO,-31%,-69%,25%,2%,16%,3%,-4%,-11%,-18%,-21%,-25%,-15%,-15%
11,GOALPARA,100%,-19%,13%,4%,0%,-4%,-5%,-13%,-20%,-16%,-22%,-25%,-29%
12,GOLAGHAT,17%,1%,-4%,-1%,5%,3%,-5%,-6%,1%,-1%,-6%,-7%,-4%
13,HAILAKANDI,48%,-8%,65%,43%,45%,30%,28%,17%,13%,14%,7%,8%,7%
14,JORHAT,70%,-22%,44%,14%,33%,20%,18%,13%,12%,17%,13%,7%,0%
15,KAMRUP (RURAL),38%,-35%,-7%,-15%,-20%,-16%,-23%,-27%,-30%,-31%,-30%,-30%,-35%
16,KAMRUP METRO.,196%,20%,49%,24%,8%,7%,-3%,-9%,-11%,-4%,-1%,4%,-1%
17,KARBI ANGLONG,-2%,-64%,-60%,-41%,1%,-9%,-13%,-19%,-22%,-21%,-24%,-19%,-16%
18,KARIMGANJ,43%,-11%,43%,15%,23%,17%,7%,-5%,-9%,-9%,-8%,-5%,-8%
19,KOKRAJHAR,38%,0%,84%,52%,54%,51%,50%,31%,19%,17%,11%,6%,0%
20,LAKHIMPUR,33%,-12%,12%,-14%,5%,3%,-8%,-6%,-9%,-8%,-8%,-14%,-18%
21,MORIGAON,179%,30%,22%,0%,-3%,-1%,-6%,-13%,-14%,-16%,-2%,-1%,-8%
22,NAGAON,-3%,-60%,-36%,-41%,-23%,-30%,-38%,-39%,-39%,-38%,-39%,-33%,-35%
23,NALBARI,59%,1%,122%,76%,60%,45%,41%,41%,32%,29%,26%,21%,12%
24,SHONITPUR,54%,-7%,22%,6%,4%,1%,-9%,-15%,-20%,-21%,-18%,-19%,-22%
25,SIBSAGAR,56%,-2%,13%,-3%,7%,-1%,-2%,3%,-6%,-2%,0%,-5%,-10%
26,TINSUKIA,102%,-2%,5%,-5%,52%,46%,42%,37%,25%,26%,26%,17%,16%
27,UDALGURI,94%,-15%,3%,-5%,1%,-5%,-14%,-20%,-24%,-18%,-8%,-9%,-14%
,MEGHALAYA,95%,-8%,66%,30%,44%,24%,23%,11%,1%,3%,2%,6%,2%
1,EAST GARO HILLS,275%,50%,194%,156%,160%,131%,114%,101%,84%,89%,87%,92%,81%
2,EAST JAINTIA HILLS,45%,-29%,-9%,-34%,-13%,-29%,-31%,-40%,-46%,-49%,-52%,-47%,-48%
3,EAST KHASI HILLS,110%,-8%,117%,54%,68%,48%,44%,32%,23%,29%,33%,37%,32%
4,NORTH GARO HILLS,230%,31%,41%,43%,39%,21%,12%,0%,-6%,-4%,-14%,-16%,-18%
5,RI-BHOI,82%,-4%,14%,15%,22%,26%,24%,17%,7%,2%,2%,14%,5%
6,SOUTH GARO HILLS,5%,-26%,32%,10%,42%,34%,25%,26%,19%,21%,26%,45%,41%
7,SOUTH WEST GARO HILLS,-12%,-37%,-7%,-21%,-9%,-19%,-29%,-38%,-44%,-42%,-42%,-41%,-45%
8,SOUTH WEST KHASI HILLS,420%,96%,334%,247%,365%,306%,295%,263%,239%,252%,239%,232%,215%
9,WEST GARO HILLS,68%,4%,94%,58%,60%,40%,44%,30%,15%,15%,12%,8%,2%
10,WEST JAINTIA HILLS,104%,-9%,-19%,-41%,-36%,-42%,-44%,-49%,-55%,-55%,-55%,-48%,-51%
11,WEST KHASI HILLS,16%,-50%,49%,19%,26%,2%,8%,-10%,-20%,-14%,-17%,-15%,-15%
4,NMMT,-47%,-48%,-32%,-36%,-18%,-20%,-27%,-29%,-30%,-25%,-26%,-16%,-13%
,NAGALAND,-20%,-49%,-35%,-33%,-19%,-17%,-22%,-24%,-26%,-24%,-23%,-25%,-27%
1,DIMAPUR,-4%,-60%,-62%,-50%,-32%,-36%,-43%,-38%,-32%,-33%,-37%,-35%,-37%
2,KIPHIRE,-49%,46%,97%,73%,61%,65%,41%,39%,25%,22%,20%,16%,10%
3,KOHIMA,-52%,-79%,-62%,-59%,-8%,-6%,-14%,-14%,-14%,-7%,-10%,-13%,-17%
4,LONGLENG,-4%,-29%,-4%,-2%,-4%,-1%,-8%,-19%,-28%,-35%,-40%,-45%,
5,MOKOKCHUNG,20%,-37%,-42%,-33%,-6%,-9%,-11%,-11%,-20%,-17%,-18%,-20%,-19%
6,MON,39%,12%,32%,15%,11%,12%,8%,6%,27%,34%,33%,29%,23%
7,PAREN,43%,-29%,-18%,-35%,-30%,-11%,-21%,-15%,-16%,-18%,-17%,-9%,-10%
8,PHEK,79%,-40%,-11%,-12%,9%,-12%,-27%,-39%,-47%,-52%,-49%,-51%,-51%
9,TUENSANG,-88%,-84%,-67%,-64%,-65%,-55%,-57%,-60%,-61%,-60%,-54%,-54%,-55%
10,WOKHA,19%,-35%,-54%,-50%,-48%,-49%,-50%,-50%,-54%,-58%,-57%,-58%,-53%
11,ZUNHEBOTO,-43%,-54%,-20%,-10%,-7%,5%,3%,-8%,-16%,-15%,-12%,-19%,-24%
,MANIPUR,-77%,-87%,-75%,-74%,-47%,-38%,-46%,-47%,-48%,-38%,-36%,-28%,-26%
1,BISHNUPUR,-62%,-60%,-66%,-72%,-40%,-21%,-29%,-32%,-27%,-11%,-18%,-6%,-7%
2,CHANDEL,-64%,-80%,-67%,-72%,-59%,-54%,-60%,-59%,-58%,-49%,-49%,-40%,-38%
3,CHURACHANDPUR,-100%,-100%,-95%,-97%,-83%,-76%,-78%,-80%,-79%,-63%,-63%,-56%,-52%
4,IMPHAL EAST,9%,-39%,10%,1%,50%,54%,33%,30%,26%,51%,41%,51%,51%
5,IMPHAL WEST,-76%,-88%,-57%,-49%,-33%,-28%,-35%,-39%,-38%,-35%,-39%,-33%,-35%
6,SENAPATI,,,,,,,,,,,,,
7,TAMENGLONG,-70%,-83%,-70%,-69%,-68%,-65%,-62%,-66%,-64%,-58%,-51%,-51%,-50%
8,THOUBAL,,,,,,,,,,,,,
9,UKHRUL,-79%,-90%,-78%,-70%,-22%,-15%,-28%,-31%,-33%,-33%,-23%,-16%,-14%
,MIZORAM,-64%,-58%,-37%,-37%,-25%,-29%,-35%,-34%,-32%,-29%,-33%,-19%,-15%
1,AIZWAL,-79%,-35%,-19%,-10%,17%,5%,-3%,2%,-2%,-4%,-8%,8%,14%
2,CHAMPHAI,-74%,-84%,-82%,-79%,-80%,-80%,-77%,-80%,-77%,-70%,-71%,-52%,-44%
4,KOLASIB,-27%,-36%,11%,9%,15%,15%,6%,9%,7%,12%,5%,10%,7%
5,LAWNGTLAI,-48%,-39%,-41%,-46%,-27%,-29%,-33%,-38%,-42%,-36%,-40%,-29%,-28%
6,LUNGLEI,-53%,-60%,-27%,-35%,-25%,-27%,-36%,-41%,-29%,-27%,-33%,-21%,-16%
7,MAMIT,-91%,-83%,-42%,-45%,-37%,-43%,-47%,-37%,-33%,-28%,-28%,-9%,-4%
8,SAIHA,-53%,-52%,-41%,-36%,-26%,-25%,-28%,-32%,-34%,-31%,-32%,-26%,-23%
9,SERCHHIP,-48%,-71%,-58%,-49%,-39%,-46%,-51%,-51%,-52%,-50%,-53%,-48%,-47%
,TRIPURA,-11%,3%,20%,3%,28%,14%,4%,-3%,-11%,-1%,-3%,20%,26%
1,DHALAI,35%,19%,27%,11%,39%,28%,16%,13%,7%,8%,6%,37%,42%
2,GOMATI,-74%,-18%,-23%,-29%,1%,-10%,-22%,-32%,-39%,-19%,-23%,-1%,-3%
3,KHOWAI,7%,7%,48%,33%,50%,36%,24%,18%,7%,12%,16%,38%,44%
4,NORTH TRIPURA,25%,56%,80%,55%,65%,52%,45%,38%,28%,26%,22%,38%,36%
5,SIPAHIJALA,-88%,-63%,-64%,-65%,-55%,-60%,-62%,-63%,-65%,-54%,-53%,-38%,-31%
6,SOUTH TRIPURA,-92%,-42%,-16%,-34%,12%,-2%,-14%,-22%,-28%,-6%,-5%,23%,42%
7,UNAKOTI,53%,67%,79%,60%,88%,66%,52%,39%,31%,25%,23%,29%,27%
8,WEST TRIPURA,10%,-2%,39%,22%,33%,21%,11%,4%,-7%,0%,-2%,21%,33%
5,SHWB & SIKKIM,42%,36%,88%,65%,63%,67%,55%,41%,30%,31%,28%,21%,14%
,SIKKIM,21%,15%,93%,75%,61%,55%,49%,42%,38%,41%,38%,32%,26%
1,GANGTOK,-1%,28%,21%,21%,9%,0%,-1%,0%,-2%,5%,1%,-2%,-1%
2,GYALSHING,15%,27%,53%,56%,51%,50%,42%,34%,28%,37%,32%,27%,21%
3,MANGAN,38%,16%,133%,104%,83%,75%,68%,59%,56%,59%,55%,48%,39%
4,NAMCHI,18%,74%,112%,82%,67%,61%,53%,43%,30%,31%,29%,23%,18%
5,PAKYONG,71%,-12%,18%,31%,37%,30%,21%,19%,14%,19%,15%,8%,4%
6,SORENG,-100%,-73%,3%,17%,42%,34%,31%,26%,15%,15%,14%,16%,11%
,WEST BENGAL,8%,-18%,-8%,-21%,-10%,-3%,-6%,-11%,-13%,-1%,-2%,-5%,-2%
1,ALIPURDUAR,89%,52%,138%,93%,83%,85%,75%,52%,40%,39%,34%,27%,18%
2,COOCH BEHAR,144%,143%,198%,148%,122%,113%,90%,66%,51%,50%,43%,35%,25%
3,DARJEELING,3%,1%,43%,36%,49%,44%,32%,20%,9%,10%,5%,0%,-5%
4,JALPAIGURI,1%,15%,62%,43%,39%,52%,41%,27%,17%,13%,12%,5%,-1%
5,KALIMPONG,50%,2%,61%,40%,40%,33%,31%,27%,21%,25%,20%,13%,8%
6,MALDA,-91%,-80%,-88%,-79%,-7%,31%,33%,18%,5%,14%,10%,4%,3%
7,NORTH DINAJPUR,11%,-25%,-49%,-50%,-43%,-36%,-41%,-47%,-52%,-47%,-44%,-46%,-50%
8,SOUTH DINAJPUR,48%,29%,-15%,-17%,17%,32%,23%,7%,-5%,6%,6%,0%,-6%
6,GANGETIC WEST BENGAL,-33%,-65%,-73%,-74%,-58%,-53%,-49%,-46%,-40%,-20%,-20%,-21%,-11%
1,BANKURA,-70%,-55%,-61%,-72%,-66%,-47%,-43%,-28%,-24%,-6%,-5%,-9%,11%
2,BIRBHUM,3%,-57%,-69%,-73%,-55%,-49%,-44%,-50%,-48%,-20%,-19%,-22%,-19%
3,EAST MIDNAPORE,15%,-62%,-76%,-70%,-53%,-59%,-53%,-49%,-31%,-30%,-30%,-33%,-30%
4,HOOGHLY,-49%,-83%,-80%,-80%,-55%,-56%,-30%,-31%,-26%,4%,7%,4%,11%
5,HOWRAH,26%,-61%,-81%,-78%,-53%,-57%,-42%,-37%,-38%,-24%,-22%,-10%,11%
6,JHARGRAM,106%,-17%,-52%,-60%,-59%,-48%,-49%,-45%,-41%,-29%,-31%,-30%,-24%
7,KOLKATA,-88%,-95%,-97%,-87%,-41%,-47%,-39%,-29%,-30%,-23%,-27%,-22%,-7%
8,MURSHIDABAD,-77%,-86%,-88%,-86%,-63%,-49%,-50%,-56%,-59%,-32%,-32%,-36%,-33%
9,NADIA,-92%,-93%,-86%,-78%,-57%,-58%,-55%,-60%,-59%,-28%,-29%,-29%,-25%
10,NORTH 24 PARGANAS,-81%,-88%,-83%,-81%,-59%,-62%,-50%,-49%,-46%,-20%,-22%,-17%,-5%
11,PASCHIM BARDHAMAN,-10%,-56%,-28%,-56%,-35%,-40%,-32%,-30%,-28%,13%,11%,7%,21%
12,PURBA BARDHAMAN,-65%,-63%,-78%,-81%,-63%,-45%,-49%,-49%,-47%,-13%,-18%,-19%,-16%
13,PURULIA,30%,-21%,-55%,-69%,-52%,-54%,-46%,-39%,-33%,-16%,-10%,-13%,-2%
14,SOUTH 24 PARGANAS,-61%,-77%,-80%,-73%,-55%,-58%,-54%,-50%,-46%,-30%,-30%,-28%,-16%
15,WEST MIDNAPORE,38%,-52%,-73%,-76%,-70%,-50%,-53%,-51%,-26%,-22%,-22%,-18%,-8%
7,ODISHA,82%,-13%,-48%,-42%,-25%,-28%,-27%,-12%,-11%,-6%,-11%,-12%,-11%
1,ANGUL,83%,-29%,-63%,-50%,-32%,-36%,-41%,-12%,-17%,-13%,-16%,-14%,-13%
2,BALASORE,22%,-49%,-65%,-68%,-58%,-62%,-59%,-54%,-44%,-44%,-46%,-45%,-41%
3,BARGARH,85%,-36%,-52%,-50%,-24%,-29%,-28%,-10%,-9%,0%,-7%,-11%,-10%
4,BHADRAK,93%,13%,-45%,-41%,-43%,-46%,-46%,-42%,-44%,-44%,-46%,-42%,-43%
5,BOLANGIR,53%,-28%,-64%,-63%,-29%,-39%,-35%,-13%,-13%,-4%,-11%,-16%,-15%
6,BOUDHGARH,123%,-60%,-71%,-32%,-15%,-26%,-20%,20%,20%,40%,27%,18%,13%
7,CUTTACK,181%,21%,-26%,-15%,-7%,-7%,-12%,-2%,-3%,2%,-2%,-2%,4%
8,DEOGARH,257%,-10%,7%,-36%,3%,-6%,-21%,-29%,-30%,-17%,-22%,-21%,-24%
9,DHENKANAL,51%,-13%,-30%,-14%,-2%,-4%,-8%,13%,6%,7%,5%,6%,9%
10,GAJAPATI,167%,7%,-43%,-48%,-27%,-16%,-13%,2%,-11%,-11%,-12%,-9%,-11%
11,GANJAM,141%,-13%,-42%,-30%,-34%,-25%,-16%,2%,-7%,-10%,-10%,-8%,-10%
12,JAGATSINGHPUR,253%,64%,-22%,-15%,-11%,-16%,-20%,-14%,-7%,-6%,-10%,-7%,-2%
13,JAJPUR,41%,23%,-38%,-48%,-36%,-40%,-38%,-37%,-34%,-32%,-34%,-28%,-27%
14,JHARSUGUDA,116%,-19%,-49%,-44%,-26%,-33%,-36%,-43%,-43%,-29%,-28%,-31%,-22%
15,KALAHANDI,55%,-32%,-73%,-56%,-34%,-40%,-35%,-24%,-20%,-13%,-18%,-18%,-21%
16,KANDHAMAL,135%,44%,-11%,-2%,3%,-11%,-16%,-2%,-5%,0%,-9%,-13%,-19%
17,KENDRAPARA,188%,27%,-36%,-32%,-42%,-43%,-40%,-39%,-37%,-28%,-28%,-32%,-27%
18,KEONJHARGARH,-75%,-72%,-70%,-60%,-47%,-38%,-41%,-39%,-39%,-32%,-35%,-33%,-28%
19,KHURDA,18%,-48%,-62%,-46%,-19%,-17%,-19%,-8%,-10%,-4%,-8%,-12%,-10%
20,KORAPUT,19%,-20%,-52%,-56%,-5%,-11%,-5%,26%,33%,24%,14%,10%,6%
21,MALKANGIRI,168%,84%,-16%,-15%,29%,7%,14%,80%,73%,68%,52%,41%,40%
22,MAYURBHANJ,-27%,-50%,-72%,-69%,-66%,-59%,-57%,-46%,-37%,-26%,-26%,-25%,-23%
23,NAWAPARA,153%,19%,-57%,-33%,-30%,-40%,-27%,24%,30%,33%,23%,19%,16%
24,NAWARANGPUR,86%,28%,-39%,-20%,-7%,-19%,-8%,7%,10%,8%,2%,-1%,-8%
25,NAYAGARH,-30%,-32%,-59%,-39%,-1%,-7%,-14%,-3%,-6%,2%,5%,-1%,0%
26,PURI,67%,-34%,-69%,-70%,-43%,-44%,-38%,-30%,-37%,-36%,-32%,-29%,-31%
27,RAYAGADA,132%,3%,-48%,-32%,-20%,-14%,-8%,1%,-6%,-4%,-6%,-5%,-9%
28,SAMBALPUR,508%,88%,13%,-26%,-18%,-15%,-25%,-29%,-25%,-16%,-22%,-22%,-17%
29,SONEPUR,257%,-15%,-38%,-37%,-5%,-20%,-22%,8%,13%,30%,19%,13%,10%
30,SUNDARGARH,96%,-32%,-43%,-43%,-26%,-33%,-41%,-47%,-44%,-33%,-32%,-30%,-17%
8,JHARKHAND,32%,-50%,-69%,-65%,-52%,-50%,-46%,-47%,-41%,-15%,-14%,-14%,-8%
1,BOKARO,32%,-36%,-61%,-62%,-55%,-45%,-44%,-39%,-36%,-3%,2%,0%,8%
2,CHATRA,88%,-63%,-81%,-67%,-55%,-62%,-57%,-62%,-54%,-35%,-40%,-32%,-27%
3,DEOGHAR,23%,-51%,-69%,-77%,-65%,-51%,-51%,-56%,-58%,-41%,-36%,-43%,-31%
4,DHANBAD,22%,-31%,-25%,-52%,-29%,-35%,-35%,-33%,-29%,15%,19%,15%,23%
5,DUMKA,147%,-13%,-48%,-70%,-51%,-44%,-41%,-43%,-43%,-12%,-10%,-14%,-11%
6,EAST SINGBHUM,-51%,-75%,-85%,-84%,-72%,-61%,-59%,-48%,-38%,-32%,-25%,-21%,-13%
7,GARHWA,-100%,-100%,-100%,-92%,-56%,-57%,-49%,-54%,-39%,6%,14%,0%,10%
8,GIRIDIH,31%,-59%,-76%,-70%,-61%,-58%,-56%,-58%,-55%,-20%,-15%,-14%,-1%
9,GODDA,18%,-67%,-83%,-74%,-46%,-21%,-2%,-15%,-25%,-16%,-20%,-26%,-25%
10,GUMLA,32%,-35%,-62%,-48%,-25%,-34%,-35%,-37%,-32%,-15%,-21%,-22%,-15%
11,HAZARIBAG,12%,-55%,-73%,-66%,-56%,-56%,-48%,-50%,-48%,-22%,-18%,-21%,-20%
12,JAMTARA,76%,-31%,-40%,-60%,-58%,-51%,-49%,-52%,-52%,-22%,-25%,-28%,-14%
13,KHUNTI,11%,-48%,-72%,-65%,-48%,-35%,-38%,-40%,-38%,-6%,-11%,-5%,2%
14,KODERMA,51%,-52%,-79%,-75%,-49%,-54%,-49%,-54%,-48%,-20%,-21%,-21%,-13%
15,LATEHAR,103%,-45%,-75%,-81%,-59%,-53%,-31%,-40%,-29%,-4%,-2%,4%,6%
16,LOHARDAGA,81%,-25%,-64%,-74%,-62%,-62%,-65%,-69%,-54%,-41%,-40%,-38%,-38%
17,PAKUR,-70%,-89%,-84%,-89%,-78%,-65%,-63%,-67%,-70%,-51%,-54%,-56%,-51%
18,PALAMU,171%,-34%,-76%,-78%,-32%,-34%,-36%,-45%,-41%,11%,19%,2%,3%
19,RAMGARH,-34%,-83%,-91%,-78%,-74%,-66%,-48%,-50%,-40%,-13%,-11%,-11%,-9%
20,RANCHI,-39%,-77%,-83%,-53%,-51%,-52%,-47%,-43%,-29%,2%,0%,3%,6%
21,SAHIBGANJ,-100%,-88%,-94%,-86%,-39%,-28%,-13%,-23%,-32%,-2%,-6%,-14%,-12%
22,SERAIKELA-KHARSAWAN,95%,-11%,-55%,-63%,-65%,-68%,-56%,-36%,-27%,-8%,-10%,-11%,2%
23,SIMDEGA,152%,-17%,-51%,-54%,-21%,-31%,-32%,-38%,-30%,-11%,-5%,4%,11%
24,WEST SINGBHUM,65%,-32%,-56%,-52%,-61%,-64%,-63%,-55%,-46%,-30%,-31%,-27%,-24%
9,BIHAR,-35%,-65%,-70%,-60%,-26%,-12%,-17%,-29%,-36%,-25%,-23%,-24%,-24%
1,ARARIA,71%,7%,11%,31%,8%,13%,3%,-13%,-21%,-17%,-14%,-15%,-20%
2,ARWAL,-100%,-100%,-97%,-85%,29%,21%,13%,-4%,-14%,3%,6%,2%,10%
3,AURANGABAD,-100%,-100%,-99%,-86%,-34%,-27%,-17%,-28%,-31%,-1%,6%,1%,7%
4,BANKA,-36%,-75%,-87%,-88%,-46%,-6%,-9%,-22%,-26%,-13%,-17%,-23%,-16%
5,BEGUSARAI,-91%,-98%,-99%,-95%,-56%,-27%,-33%,-41%,-49%,-37%,-34%,-36%,-35%
6,BHABUA,-100%,-100%,-100%,-80%,-64%,-35%,-38%,-45%,-52%,-42%,-41%,-39%,-34%
7,BHAGALPUR,-100%,-98%,-99%,-88%,-55%,-31%,-30%,-38%,-44%,-37%,-36%,-39%,-33%
8,BHOJPUR,-100%,-100%,-98%,-87%,-33%,-12%,-24%,-35%,-44%,-31%,-25%,-24%,-19%
9,BUXAR,-100%,-100%,-96%,-70%,-31%,-3%,-12%,-25%,-35%,-16%,-13%,-12%,-3%
10,DARBHANGA,-52%,-50%,-74%,-65%,-42%,-40%,-41%,-50%,-57%,-50%,-45%,-47%,-49%
11,EAST CHAMPARAN,-25%,-68%,-83%,-51%,-11%,5%,-1%,-17%,-29%,-26%,-20%,-24%,-31%
12,GAYA,-91%,-99%,-99%,-86%,-17%,-14%,-11%,-22%,-29%,-14%,-8%,-9%,4%
13,GOPALGANJ,-80%,-84%,-91%,-69%,31%,21%,-7%,-22%,-32%,-25%,-22%,-24%,-30%
14,JAHANABAD,-64%,-93%,-96%,-90%,-4%,1%,-19%,-30%,-37%,-23%,-25%,-29%,-24%
15,JAMUI,-100%,-100%,-100%,-85%,-30%,-3%,-14%,-25%,-30%,-17%,-14%,-13%,-3%
16,KATIHAR,-16%,-42%,-70%,-69%,-27%,-13%,-24%,-32%,-38%,-26%,-24%,-27%,-27%
17,KHAGARIA,-100%,-96%,-98%,-86%,-44%,-14%,-7%,-15%,-25%,-17%,-13%,-19%,-23%
18,KISHANGANJ,45%,-7%,103%,94%,64%,75%,49%,28%,17%,19%,16%,9%,0%
19,LAKHISARAI,-62%,-64%,-86%,-79%,-23%,-19%,-12%,-27%,-34%,-22%,-15%,-19%,-15%
20,MADHEPURA,-59%,-76%,-87%,-67%,-52%,-42%,-39%,-48%,-53%,-30%,-28%,-28%,-32%
21,MADHUBANI,-15%,-49%,-71%,-59%,-51%,-50%,-44%,-51%,-58%,-47%,-48%,-48%,-52%
22,MONGHYR,-98%,-99%,-99%,-89%,-69%,-20%,-26%,-36%,-44%,-34%,-36%,-39%,-35%
23,MUZAFFARPUR,-100%,-97%,-98%,-84%,-38%,-29%,-33%,-44%,-51%,-42%,-38%,-40%,-44%
24,NALANDA,-100%,-99%,-99%,-99%,-50%,-6%,-13%,-28%,-38%,-24%,-12%,-2%,-2%
25,NAWADA,-100%,-93%,-97%,-88%,9%,18%,5%,-12%,-17%,-2%,8%,13%,24%
26,PATNA,-89%,-99%,-99%,-96%,-60%,-33%,-38%,-47%,-53%,-45%,-39%,-37%,-37%
27,PURNEA,51%,-35%,-57%,-46%,-34%,-22%,-28%,-37%,-44%,-37%,-35%,-37%,-40%
28,ROHTAS,-100%,-100%,-95%,-90%,-59%,-42%,-38%,-46%,-52%,-33%,-29%,-32%,-25%
29,SAHARSA,-100%,-95%,-97%,-69%,-49%,-45%,-45%,-53%,-58%,-47%,-43%,-43%,-46%
30,SAMASTIPUR,-100%,-100%,-100%,-93%,-55%,-38%,-46%,-54%,-60%,-50%,-46%,-43%,-43%
31,SARAN,-91%,-98%,-99%,-92%,-48%,-37%,-44%,-52%,-59%,-48%,-46%,-47%,-50%
32,SHEIKHPURA,-96%,-98%,-99%,-85%,-49%,-11%,-13%,-25%,-34%,-14%,1%,6%,10%
33,SHEOHAR,9%,-36%,-71%,-52%,12%,9%,6%,-12%,-23%,-27%,-25%,-28%,-35%
34,SITAMARHI,-68%,-51%,-74%,-55%,-8%,-19%,-17%,-30%,-41%,-36%,-37%,-38%,-43%
35,SIWAN,-98%,-97%,-99%,-58%,25%,51%,18%,5%,-10%,0%,4%,-1%,-7%
36,SUPAUL,57%,-21%,-43%,-33%,-31%,-31%,-28%,-38%,-44%,-23%,-24%,-18%,-23%
37,VAISHALI,-96%,-99%,-99%,-96%,-55%,-25%,-42%,-52%,-60%,-47%,-47%,-50%,-51%
38,WEST CHAMPARAN,-7%,-55%,-74%,-58%,10%,17%,16%,1%,-11%,-3%,-8%,-4%,-12%
,UTTAR PRADESH,-76%,-78%,-87%,-62%,-8%,26%,2%,-8%,-15%,-12%,-9%,-10%,-11%
10,EAST UTTAR PRADESH,-69%,-73%,-87%,-60%,-23%,19%,-2%,-15%,-21%,-16%,-11%,-11%,-11%
1,AMBEDKAR NAGAR,-9%,-22%,-56%,33%,17%,54%,35%,7%,-5%,-6%,3%,-5%,-2%
2,AMETHI,-21%,-49%,-79%,-87%,-81%,-61%,-70%,-75%,-69%,-59%,-56%,-57%,-51%
3,AYODHYA,-100%,-58%,-78%,13%,67%,87%,35%,13%,1%,-10%,-7%,-10%,-13%
4,AZAMGARH,-100%,-66%,-82%,-61%,-51%,-14%,-21%,-34%,-32%,-30%,-25%,-24%,-22%
5,BAHRAICH,-81%,-69%,-85%,-71%,28%,81%,49%,23%,11%,23%,29%,30%,21%
6,BALLIA,-69%,-68%,-84%,-49%,-10%,51%,27%,9%,-6%,-4%,-3%,-4%,-8%
7,BALRAMPUR,-14%,-23%,-59%,-42%,49%,187%,133%,86%,63%,60%,62%,67%,58%
8,BANDA,-100%,-100%,-95%,-55%,-50%,-43%,-42%,-14%,-26%,-26%,-27%,-26%,-16%
9,BARABANKI,-100%,-89%,-95%,-80%,10%,53%,32%,6%,-1%,1%,9%,3%,2%
10,BASTI,-97%,-63%,-78%,-56%,9%,176%,120%,81%,62%,56%,69%,60%,57%
11,BHADOHI,,,,,,,,,,,-29%,-32%,-36%
12,CHANDAULI,-100%,-100%,-100%,-33%,-39%,-27%,-41%,-52%,-54%,-56%,-50%,-53%,-46%
13,CHITRAKOOT,-100%,-100%,-100%,-43%,-43%,-33%,-45%,-39%,-36%,-17%,9%,13%,17%
14,DEORIA,-100%,-90%,-94%,-88%,-68%,-22%,-35%,-45%,-52%,-54%,-50%,-51%,-51%
15,FARRUKHABAD,-54%,-59%,-84%,-32%,-29%,58%,7%,1%,-8%,-12%,-9%,-19%,-25%
16,FATEHPUR,-100%,-100%,-100%,-97%,-62%,-53%,-63%,-60%,-61%,-62%,-58%,-57%,-56%
17,GHAZIPUR,-100%,-85%,-91%,-77%,-28%,18%,0%,-14%,-13%,4%,-2%,-1%,8%
18,GONDA,-96%,-67%,-84%,-74%,-44%,47%,17%,-2%,-12%,-16%,-4%,-5%,-10%
19,GORAKHPUR,-82%,-74%,-86%,-38%,14%,56%,23%,10%,-1%,-6%,-5%,-8%,-12%
20,HARDOI,-100%,-56%,-81%,-56%,-13%,35%,-3%,-7%,-14%,-13%,-1%,-5%,-10%
21,JAUNPUR,119%,-46%,-72%,-64%,-73%,-46%,-45%,-54%,-60%,-61%,-57%,-57%,-53%
22,KANNAUJ,-100%,-94%,-97%,-62%,-3%,61%,4%,8%,3%,14%,11%,6%,14%
23,KANPUR CITY,-100%,-100%,-100%,-73%,-29%,-21%,-35%,-40%,-47%,-42%,-37%,-36%,-35%
24,KANPUR DEHAT,-100%,-54%,-86%,-86%,-64%,-25%,-47%,-47%,-50%,-43%,-41%,-42%,-41%
25,KAUSHAMBI,-100%,-100%,-100%,-73%,-57%,-33%,-38%,-44%,-44%,-34%,-30%,-22%,-16%
26,KHERI,-93%,-100%,-100%,-80%,-14%,68%,35%,16%,2%,13%,20%,13%,5%
27,KUSHI NAGAR,-95%,-99%,-99%,-94%,-61%,-44%,-49%,-53%,-58%,-59%,-56%,-55%,-58%
28,LUCKNOW,-100%,-60%,-80%,-84%,-57%,-13%,-34%,-43%,-41%,-18%,-10%,-7%,3%
29,MAHARAJGANJ,95%,-24%,-59%,-50%,45%,85%,67%,49%,34%,34%,25%,31%,21%
30,MAU,-100%,-100%,-100%,-98%,-72%,-37%,-42%,-50%,-55%,-50%,-48%,-46%,-42%
31,MIRZAPUR,-100%,-100%,-100%,-58%,-68%,-64%,-54%,-61%,-56%,-50%,-37%,-38%,-33%
32,PRATAPGARH,138%,-18%,-60%,-59%,-59%,-12%,-18%,-31%,-40%,-27%,-19%,-8%,-1%
33,PRAYAGRAJ,-100%,-100%,-100%,-22%,-49%,-36%,-47%,-55%,-50%,-32%,-31%,-23%,-18%
34,RAE BAREILLY,-100%,-100%,-100%,-97%,-78%,-51%,-61%,-68%,-65%,-55%,-47%,-47%,-39%
35,SANT KABIR NAGAR,-97%,-87%,-93%,-75%,-15%,45%,21%,3%,-5%,-5%,-2%,-3%,1%
36,SHRAWASTI NAGAR,32%,-38%,-71%,-69%,-31%,30%,5%,-13%,-22%,-16%,-6%,-4%,-8%
37,SIDDHARTH NAGAR,-23%,-48%,-74%,-39%,-9%,49%,32%,15%,7%,7%,2%,3%,-3%
38,SITAPUR,-100%,-82%,-93%,-83%,-26%,22%,-2%,-15%,-24%,-22%,-22%,-27%,-30%
39,SONBHADRA,-89%,-95%,-98%,-41%,-32%,-36%,-46%,-52%,-34%,-14%,1%,0%,14%
40,SULTANPUR,-70%,-45%,-75%,-30%,36%,28%,2%,-15%,-23%,-30%,-20%,-5%,-6%
41,UNNAO,-100%,-52%,-79%,-85%,-60%,-48%,-63%,-53%,-58%,-57%,-47%,-40%,-39%
42,VARANASI,-100%,-100%,-100%,-3%,-41%,-5%,3%,-15%,-14%,-7%,-8%,-12%,2%
11,WEST UTTAR PRADESH,-86%,-87%,-88%,-67%,20%,39%,10%,4%,-6%,-5%,-5%,-8%,-10%
1,AGRA,-82%,-87%,-86%,-70%,26%,44%,10%,1%,-7%,-8%,16%,22%,21%
2,ALIGARH,-100%,-94%,-96%,25%,65%,37%,-6%,-24%,-34%,-40%,-39%,-43%,-46%
3,AMROHA,-100%,-100%,-100%,-87%,-7%,-11%,-35%,-36%,-48%,-46%,-50%,-54%,-59%
4,AURAIYA,-100%,-100%,-100%,-71%,214%,192%,110%,117%,104%,93%,93%,100%,87%
5,BADAUN,-100%,-64%,-83%,-44%,111%,127%,62%,35%,15%,7%,19%,16%,9%
6,BAGHPAT,-100%,-100%,-100%,-45%,-35%,-39%,-52%,-40%,-50%,-40%,-40%,-40%,-32%
7,BAREILLY,-52%,-87%,-94%,-74%,107%,214%,136%,89%,50%,47%,36%,30%,22%
8,BIJNOR,-80%,-88%,-94%,-60%,19%,26%,11%,-6%,-19%,-10%,-18%,-21%,-21%
9,BULANDSHAHAR,-100%,-65%,-86%,-84%,2%,-5%,-30%,-36%,-36%,-28%,-18%,-25%,-30%
10,ETAH,-100%,-91%,-96%,-3%,216%,211%,118%,87%,77%,62%,63%,67%,60%
11,ETAWAH,-100%,-100%,-100%,-82%,-13%,11%,-16%,-17%,-28%,-30%,-27%,-26%,-25%
12,FIROZABAD,-100%,-77%,-90%,-48%,22%,72%,39%,23%,22%,13%,16%,36%,29%
13,GAUTAM BUDDHA NAGAR,-100%,-76%,-89%,-95%,-89%,-91%,-88%,-88%,-88%,-77%,-75%,-78%,-79%
14,GHAZIABAD,-100%,-71%,-88%,-93%,-61%,-66%,-61%,-41%,-43%,-36%,-35%,-33%,-34%
15,HAMIRPUR,-100%,-100%,-95%,-31%,-25%,-10%,-14%,46%,35%,32%,20%,18%,17%
16,HAPUR,-100%,18%,-48%,-70%,-18%,-31%,-50%,-40%,-41%,-37%,-41%,-42%,-48%
17,HATHRAS,-100%,-86%,-87%,-58%,65%,38%,1%,-18%,-29%,-28%,-9%,-5%,-4%
18,JALAUN,58%,-57%,-70%,-47%,50%,50%,22%,15%,7%,16%,15%,23%,21%
19,JHANSI,-96%,-97%,-80%,-71%,-42%,-18%,-29%,-39%,-33%,-32%,-29%,-30%,-27%
20,KASGANJ,-100%,-15%,-73%,-23%,151%,128%,70%,38%,31%,20%,28%,20%,14%
21,LALITPUR,-100%,-100%,-42%,-60%,-1%,8%,-5%,13%,23%,29%,21%,22%,25%
22,MAHOBA,-100%,-100%,-46%,-59%,-25%,-21%,-25%,-18%,-26%,-25%,-34%,-34%,-27%
23,MAINPURI,-100%,-93%,-97%,-57%,67%,75%,35%,14%,-1%,-6%,3%,-5%,-4%
24,MATHURA,-93%,-83%,-93%,-89%,-15%,-24%,-46%,-51%,-52%,-52%,-40%,-45%,-40%
25,MEERUT,-100%,-94%,-97%,-88%,-37%,-14%,-36%,-8%,-15%,-19%,-20%,-24%,-30%
26,MORADABAD,-91%,-96%,-98%,-81%,74%,105%,74%,70%,50%,47%,36%,23%,14%
27,MUZAFFARNAGAR,-100%,-97%,-99%,-90%,-26%,-28%,-31%,-12%,-22%,-17%,-17%,-23%,-28%
28,PILIBHIT,-32%,-83%,-90%,-89%,-8%,62%,21%,-2%,-16%,-24%,-32%,-39%,-42%
29,RAMPUR,-100%,-100%,-100%,-68%,83%,144%,80%,45%,18%,25%,14%,5%,0%
30,SAHARANPUR,-100%,-100%,-100%,-93%,-69%,-71%,-72%,-50%,-56%,-49%,-49%,-53%,-57%
31,SAMBHAL,-91%,-96%,-98%,-60%,42%,52%,10%,-9%,-22%,-17%,-6%,-10%,-19%
32,SHAHJAHANPUR,-100%,-67%,-84%,-85%,-6%,33%,5%,-10%,-20%,-21%,-12%,-18%,-23%
33,SHAMLI,-100%,-100%,-91%,-68%,-78%,-83%,-86%,-84%,-82%,-81%,-80%,-79%,-80%
12,UTTARAKHAND,-34%,-63%,-76%,-64%,-30%,11%,-1%,-3%,-4%,0%,-1%,0%,1%
1,ALMORA,-15%,-67%,-81%,-74%,-61%,22%,3%,1%,-1%,-1%,2%,0%,-1%
2,BAGESHWAR,55%,-40%,-62%,-48%,78%,128%,114%,145%,174%,181%,172%,199%,206%
3,CHAMOLI,54%,-10%,-44%,-35%,27%,48%,26%,31%,47%,54%,53%,59%,63%
4,CHAMPAWAT,-85%,-88%,-94%,-88%,-53%,65%,34%,17%,14%,11%,4%,-1%,-7%
5,DEHRADUN,-71%,-58%,-82%,-40%,-10%,17%,-8%,-4%,10%,15%,13%,14%,16%
6,GARHWAL PAURI,-76%,-82%,-91%,-79%,-67%,-32%,-39%,-42%,-50%,-50%,-49%,-50%,-46%
7,GARHWAL TEHRI,-6%,-44%,-68%,-58%,-56%,8%,-2%,-4%,-13%,-8%,-7%,-11%,-7%
8,HARDWAR,-100%,-99%,-99%,-91%,-52%,-44%,-41%,-25%,-37%,-24%,-20%,-22%,-22%
9,NAINITAL,-90%,-96%,-98%,-76%,-24%,18%,1%,-10%,-16%,-14%,-18%,-18%,-21%
10,PITHORAGARH,-15%,-54%,-62%,-55%,-24%,10%,9%,9%,4%,4%,0%,1%,-2%
11,RUDRAPRAYAG,62%,-23%,-46%,-48%,-37%,-18%,-24%,-24%,-18%,-18%,-16%,-14%,-13%
12,UDHAM SINGH NAGAR,-98%,-99%,-99%,-89%,-39%,48%,28%,19%,9%,12%,4%,4%,1%
13,UTTARKASHI,-63%,-65%,-77%,-70%,-53%,-25%,-32%,-40%,-38%,-26%,-19%,-19%,-15%
13,HAR. CHD & DELHI,-78%,-85%,-92%,-72%,-34%,-19%,-36%,-39%,-41%,-30%,-17%,-15%,-16%
,HARYANA,-78%,-85%,-91%,-72%,-36%,-19%,-36%,-40%,-43%,-31%,-19%,-16%,-17%
1,AMBALA,-95%,-89%,-95%,-88%,-69%,-65%,-72%,-66%,-67%,-46%,-31%,-29%,-31%
2,BHIWANI,-55%,-86%,-91%,-80%,-1%,1%,-22%,-39%,-47%,-34%,-22%,-13%,-15%
3,CHARKHI DADRI,-100%,-100%,-98%,-98%,-53%,-41%,-48%,-53%,-57%,-42%,-13%,-15%,-14%
4,FARIDABAD,-100%,-100%,-100%,-84%,-14%,-2%,-30%,-38%,-38%,-27%,-17%,-26%,-23%
5,FATEHABAD,-100%,-100%,-100%,-100%,-14%,69%,38%,6%,-6%,-18%,-17%,4%,3%
6,GURGAON,11%,-41%,-73%,-64%,20%,33%,-7%,-24%,-30%,-10%,30%,25%,21%
7,HISAR,-88%,-87%,-94%,-68%,-34%,-2%,-23%,-40%,-45%,-45%,-39%,-26%,-27%
8,JHAJJAR,-100%,-100%,-100%,-80%,-41%,10%,-27%,-14%,-25%,5%,32%,23%,16%
9,JIND,-99%,-96%,-98%,-65%,-44%,-29%,-47%,-53%,-57%,-46%,-39%,-33%,-33%
10,KAITHAL,-79%,-90%,-95%,-84%,-81%,-66%,-74%,-69%,-61%,-62%,-54%,-44%,-44%
11,KARNAL,-85%,-84%,-94%,-79%,-76%,-81%,-80%,-78%,-73%,-66%,-54%,-53%,-57%
12,KURUKSHETRA,-98%,-93%,-96%,-60%,-55%,-43%,-60%,-53%,-48%,-38%,-18%,-18%,-24%
13,MAHENDRAGARH,-70%,-90%,-81%,-80%,31%,84%,39%,16%,4%,28%,44%,54%,45%
14,NUH,24%,-50%,-58%,-52%,29%,79%,51%,22%,11%,25%,73%,63%,59%
15,PALWAL,-100%,-100%,-100%,-85%,-48%,-8%,-37%,-38%,-26%,-27%,-28%,-35%,-29%
16,PANCHKULA,-94%,-89%,-95%,-92%,-88%,-85%,-77%,-68%,-60%,-56%,-51%,-50%,-44%
17,PANIPAT,-100%,-75%,-88%,-42%,-8%,-34%,-44%,-40%,-31%,-13%,-14%,-13%,-10%
18,REWARI,-89%,-96%,-91%,-63%,-3%,16%,-15%,-29%,-33%,-13%,6%,10%,4%
19,ROHTAK,-35%,-77%,-88%,-83%,-46%,-51%,-66%,-59%,-62%,-53%,-35%,-26%,-31%
20,SIRSA,37%,-4%,-65%,-21%,-26%,29%,21%,-12%,-21%,1%,-2%,1%,14%
21,SONEPAT,-76%,-83%,-93%,-48%,-26%,-42%,-56%,-46%,-50%,-37%,-38%,-25%,-26%
22,YAMUNA NAGAR,-100%,-94%,-97%,-86%,-67%,-71%,-76%,-57%,-54%,-44%,-41%,-43%,-47%
,CHANDIGARH (UT),-100%,-87%,-93%,-93%,-55%,-53%,-50%,-56%,-56%,-52%,-31%,-31%,-27%
,DELHI,-85%,-88%,-94%,-61%,28%,11%,-14%,-2%,-8%,4%,19%,18%,16%
1,CENTRAL DELHI,-100%,-93%,-97%,-65%,25%,-9%,-22%,-18%,-10%,-1%,-4%,-11%,-14%
2,EAST DELHI,-19%,-80%,-92%,-78%,6%,-17%,-34%,-40%,-48%,-11%,22%,24%,16%
3,NEW DELHI,-100%,-83%,-93%,-81%,115%,75%,35%,34%,26%,35%,42%,29%,23%
4,NORTH DELHI,-91%,-89%,-95%,-77%,139%,84%,46%,38%,61%,73%,77%,84%,88%
5,NORTH EAST DELHI,-85%,-88%,-89%,-83%,-67%,-64%,-64%,-51%,-54%,-16%,0%,5%,0%
6,NORTH WEST DELHI,-100%,-82%,-90%,4%,197%,122%,57%,98%,70%,67%,66%,75%,74%
7,SOUTH DELHI,-41%,-76%,-91%,-86%,-26%,-23%,-32%,-37%,-28%,-24%,-19%,-24%,-28%
8,SOUTH WEST DELHI,-96%,-96%,-98%,-68%,-32%,-11%,-27%,-26%,-36%,-18%,11%,7%,7%
9,WEST DELHI,-92%,-97%,-98%,-99%,-99%,-99%,-99%,-81%,-70%,-39%,-3%,-7%,-13%
14,PUNJAB,-88%,-80%,-90%,-79%,-43%,-22%,-38%,-44%,-45%,-42%,-36%,-33%,-29%
1,AMRITSAR,-98%,-87%,-94%,-83%,-25%,-11%,-19%,-34%,-34%,-21%,-14%,-11%,-13%
2,BARNALA,-80%,-92%,-96%,-75%,-34%,14%,-20%,-37%,-44%,-50%,-52%,-47%,-33%
3,BHATINDA,-100%,-78%,-90%,-82%,-82%,-58%,-65%,-73%,-76%,-61%,-64%,-63%,-57%
4,FARIDKOT,-100%,-82%,-93%,-85%,-81%,-36%,-42%,-53%,-59%,-35%,-35%,-5%,-3%
5,FATEHGARH SAHIB,-100%,-97%,-99%,-97%,-65%,-64%,-77%,-81%,-75%,-74%,-59%,-61%,-51%
6,FAZILKA,-100%,-61%,-73%,11%,-32%,-5%,-39%,-45%,-53%,-38%,-42%,-37%,-39%
7,FEROZEPUR,-100%,-100%,-100%,-95%,-90%,-79%,-55%,-67%,-72%,-59%,-53%,-51%,-50%
8,GURDASPUR,-95%,-75%,-85%,-86%,-25%,-5%,-27%,-27%,-28%,-18%,-14%,-16%,-19%
9,HOSHIARPUR,-32%,-67%,-84%,-90%,-85%,-68%,-76%,-53%,-47%,-53%,-50%,-44%,-47%
10,JALANDHAR,-100%,-70%,-84%,-90%,-53%,-23%,-41%,-57%,-54%,-55%,-46%,-43%,-41%
11,KAPURTHALA,-100%,-84%,-94%,-91%,10%,-1%,-22%,-39%,-22%,-31%,-19%,-24%,-17%
12,LUDHIANA,-100%,-71%,-86%,-83%,-28%,-12%,-36%,-52%,-48%,-50%,-43%,-41%,-33%
13,MANSA,-100%,-76%,-90%,-79%,-59%,71%,21%,-7%,-17%,-22%,-30%,-31%,-27%
14,MOGA,-100%,-88%,-94%,-90%,-64%,-61%,-52%,-60%,-62%,-56%,-50%,-54%,-50%
15,MUKTSAR,-100%,-74%,-90%,-54%,-71%,-18%,-35%,-50%,-54%,-43%,-46%,-49%,-39%
16,PATHANKOT,-95%,-84%,-87%,-71%,-62%,-9%,-32%,-2%,4%,11%,10%,19%,15%
17,PATIALA,-72%,-86%,-92%,-79%,-65%,-51%,-50%,-49%,-50%,-52%,-35%,-36%,-19%
18,RUPNAGAR,-96%,-85%,-93%,-79%,-57%,-58%,-66%,-63%,-58%,-57%,-33%,-35%,-36%
19,SANGRUR,-63%,-83%,-91%,-70%,51%,54%,13%,-13%,-24%,-36%,-32%,-29%,-19%
20,SAS NAGAR (MOHALI),-100%,-95%,-97%,-91%,-56%,-57%,-66%,-72%,-72%,-66%,-59%,-59%,-58%
21,SBS NAGAR,-100%,-84%,-92%,-91%,-47%,-54%,-67%,-55%,-60%,-62%,-52%,-51%,-54%
22,TARN TARAN,1329%,-32%,-73%,-75%,-9%,39%,22%,-5%,-19%,13%,18%,23%,31%
15,HIMACHAL PRADESH,-50%,-52%,-67%,-55%,-40%,-22%,-39%,-38%,-35%,-28%,-24%,-21%,-22%
1,BILASPUR,50%,-24%,-63%,-56%,-27%,-23%,-34%,-32%,-32%,-28%,-16%,-5%,-10%
2,CHAMBA,-53%,-55%,-65%,-58%,-44%,-27%,-46%,-47%,-42%,-36%,-38%,-31%,-32%
3,HAMIRPUR,-48%,-60%,-82%,-80%,-38%,-23%,-39%,-41%,-42%,-31%,-27%,-26%,-31%
4,KANGRA,-79%,-69%,-79%,-80%,-54%,-7%,-29%,-15%,-16%,-12%,-8%,1%,-5%
5,KINNAUR,-17%,-53%,-67%,-63%,-62%,-41%,-48%,-52%,-50%,-47%,-47%,-46%,-46%
6,KULLU,-90%,-54%,-50%,-45%,-46%,-26%,-38%,-37%,-30%,-23%,-29%,-28%,-26%
7,LAHAUL & SPITI,56%,0%,-41%,-29%,-45%,-53%,-67%,-73%,-77%,-73%,-71%,-71%,-70%
8,MANDI,-99%,-64%,-74%,-57%,-22%,-1%,-20%,-21%,-17%,-7%,-3%,-3%,-6%
9,SHIMLA,-87%,-77%,-86%,-50%,-16%,8%,-13%,-21%,-13%,-5%,7%,3%,12%
10,SIRMAUR,-64%,-46%,-73%,-44%,-46%,-49%,-58%,-58%,-44%,-33%,-14%,-15%,-15%
11,SOLAN,-66%,-48%,-72%,-33%,-25%,-15%,-34%,-39%,-39%,-34%,-30%,-33%,-26%
12,UNA,-45%,-64%,-82%,-80%,-43%,-44%,-59%,-50%,-42%,-38%,-26%,-28%,-30%
16,J & K AND LADAKH,-73%,-23%,-45%,-31%,-30%,-21%,-37%,-31%,-37%,-35%,-33%,-25%,-27%
,JAMMU & KASHMIR(UT),-73%,-23%,-45%,-31%,-30%,-21%,-37%,-31%,-37%,-35%,-33%,-25%,-27%
1,ANANTNAG,-84%,-29%,-49%,147%,-53%,-50%,-57%,-60%,-60%,-62%,-61%,-54%,-55%
2,BADGAM,-94%,-18%,-48%,-35%,-41%,-52%,-61%,-69%,-71%,-61%,-60%,-55%,-56%
3,BANDIPORE,-4%,-33%,-46%,-27%,-38%,-55%,-64%,-70%,-73%,-78%,-81%,-66%,-68%
4,BARAMULA,-58%,53%,22%,29%,10%,-6%,-16%,-23%,-22%,-21%,-28%,-17%,-17%
5,DODA,-97%,-36%,-55%,-51%,-55%,-58%,-65%,-63%,-62%,-65%,-63%,-50%,-46%
6,GANDERBAL,7%,27%,25%,-9%,-20%,-23%,-25%,-31%,-35%,-29%,-33%,-29%,-33%
7,JAMMU,-100%,-56%,-73%,-81%,-30%,13%,-25%,-14%,-23%,-19%,-5%,5%,1%
8,KATHUA,-100%,-85%,-78%,-78%,-59%,-46%,-58%,-28%,-38%,-34%,-30%,-25%,-24%
9,KISTWAR,,,,,,,,,,,,,
10,KULGAM,-95%,-42%,-47%,-53%,-62%,-69%,-75%,-75%,-75%,-77%,-77%,-71%,-73%
11,KUPWARA,6%,76%,-4%,-16%,-27%,-43%,-52%,-62%,-65%,-64%,-67%,-52%,-51%
12,POONCH,-100%,-85%,-84%,-84%,-81%,-78%,-82%,-83%,-81%,-81%,-82%,-78%,-78%
13,PULWAMA,-100%,-38%,-55%,-29%,-18%,-20%,-42%,-49%,-29%,-29%,-34%,-13%,-19%
14,RAJOURI,-100%,-48%,-60%,-60%,3%,2%,-22%,-36%,-18%,-14%,-14%,-9%,-16%
15,RAMBAN,-83%,-37%,-48%,-35%,-48%,-49%,-60%,-52%,-56%,-50%,-44%,-35%,-38%
16,REASI,-13%,-14%,-48%,-59%,-13%,-19%,-37%,-38%,-51%,-50%,-47%,-46%,-49%
17,SAMBA,-100%,-67%,-85%,-90%,-18%,10%,-2%,16%,1%,-11%,-9%,10%,18%
18,SHOPIAN,-96%,-24%,-48%,-51%,-57%,-71%,-78%,-81%,-84%,-86%,-88%,-85%,-85%
19,SRINAGAR,-87%,-43%,-50%,-31%,-43%,-49%,-61%,-67%,-69%,-54%,-56%,-37%,-41%
20,UDHAMPUR,-33%,14%,-39%,-58%,19%,60%,15%,24%,-8%,-12%,-18%,-15%,-18%
,LADAKH (UT),14%,-1%,-18%,421%,339%,127%,86%,51%,27%,53%,37%,40%,38%
1,KARGIL,9%,140%,76%,129%,66%,50%,50%,50%,32%,90%,78%,75%,65%
2,LADAKH (LEH),20%,-59%,-62%,540%,471%,145%,90%,49%,26%,49%,32%,37%,35%
,RAJASTHAN,-76%,-50%,-71%,-42%,-15%,15%,4%,-4%,-2%,39%,41%,44%,52%
17,EAST RAJASTHAN,-79%,-54%,-70%,-33%,-7%,24%,9%,-5%,1%,25%,32%,27%,39%
1,AJMER,-74%,-80%,-85%,-47%,22%,24%,-4%,-16%,-16%,82%,61%,59%,73%
2,ALWAR,-100%,-96%,-80%,-60%,-23%,59%,20%,14%,10%,21%,59%,65%,63%
3,BANSWARA,-100%,-30%,-73%,-63%,-37%,-30%,-29%,-43%,-24%,-24%,-27%,-33%,4%
4,BARAN,-47%,-88%,-45%,-46%,-43%,12%,-4%,-15%,-12%,13%,12%,15%,21%
5,BHARATPUR,-97%,-98%,-97%,-21%,100%,98%,50%,23%,25%,24%,76%,62%,54%
6,BHILWARA,-100%,-69%,-79%,-36%,-20%,-7%,-18%,-15%,6%,33%,19%,15%,33%
7,BUNDI,-94%,-87%,-88%,-29%,-28%,31%,27%,10%,16%,51%,51%,54%,60%
8,CHITTORGARH,-98%,-6%,-39%,20%,5%,-1%,-10%,-9%,-4%,10%,2%,-6%,11%
9,DAUSA,-100%,-100%,-95%,9%,27%,120%,52%,22%,60%,74%,130%,133%,134%
10,DHOLPUR,-100%,-100%,-91%,-53%,123%,133%,92%,64%,63%,63%,80%,77%,80%
11,DUNGARPUR,-100%,2%,-68%,-52%,-8%,-8%,-2%,-19%,-25%,-19%,-27%,-33%,-6%
12,JAIPUR,-58%,-75%,-81%,-40%,-29%,40%,24%,-1%,-1%,42%,72%,75%,76%
13,JHALAWAR,27%,-64%,-70%,0%,-14%,-16%,-17%,-21%,-6%,3%,-5%,-13%,-6%
14,JHUNJHUNU,-73%,-73%,-75%,-58%,-21%,36%,16%,-6%,-6%,7%,43%,38%,36%
15,KARAULI,-100%,-100%,-99%,-37%,-11%,83%,38%,9%,36%,54%,107%,97%,101%
16,KOTA,-100%,-90%,-83%,-35%,15%,24%,12%,-3%,11%,24%,23%,16%,24%
17,PRATAPGARH,-100%,-9%,-63%,-30%,-19%,-16%,-28%,-39%,-24%,-10%,-10%,-21%,7%
18,RAJSAMAND,-82%,16%,-28%,-32%,24%,14%,1%,0%,-4%,43%,26%,20%,43%
19,SAWAI MADHOPUR,-87%,-94%,-95%,-15%,19%,81%,24%,2%,24%,59%,89%,82%,86%
20,SIKAR,14%,-56%,-65%,-45%,-14%,40%,29%,1%,-5%,24%,42%,46%,41%
21,SIROHI,-100%,-100%,-100%,-88%,-28%,-36%,-20%,-31%,-35%,-18%,-21%,-28%,-9%
22,TONK,-98%,-71%,-79%,-14%,-12%,130%,105%,62%,65%,113%,112%,100%,102%
23,UDAIPUR,-100%,49%,-36%,-14%,-12%,-13%,-12%,-20%,-21%,-11%,-21%,-28%,-2%
18,WEST RAJASTHAN,-73%,-45%,-72%,-56%,-26%,0%,-3%,-3%,-6%,62%,58%,71%,76%
1,BARMER,-100%,-73%,-87%,-29%,-19%,-19%,-21%,6%,-5%,49%,30%,40%,56%
2,BIKANER,-92%,-77%,-88%,-88%,-75%,-18%,-1%,-18%,-5%,54%,73%,100%,94%
3,CHURU,-28%,-77%,-84%,-59%,17%,52%,48%,27%,31%,67%,75%,70%,64%
4,HANUMANGARH,-71%,-34%,-72%,-58%,-52%,17%,12%,-5%,-9%,33%,40%,41%,40%
5,JAISALMER,-100%,73%,-16%,-22%,-7%,-2%,-32%,7%,1%,148%,136%,170%,163%
6,JALORE,-100%,-85%,-94%,-72%,-47%,-60%,-30%,-21%,-28%,10%,1%,-7%,5%
7,JODHPUR,-100%,-58%,-78%,-80%,-14%,1%,-23%,-17%,-30%,55%,48%,69%,77%
8,NAGAUR,73%,-42%,-68%,-63%,-33%,22%,33%,8%,12%,70%,66%,82%,81%
9,PALI,-100%,-63%,-82%,-59%,-16%,-16%,-32%,-34%,-35%,48%,28%,31%,52%
10,SRI GANGANAGAR,-75%,0%,-56%,14%,15%,68%,66%,35%,23%,49%,50%,48%,65%
,MADHYA PRADESH,-18%,-41%,-46%,-24%,-9%,-4%,-5%,0%,7%,18%,15%,9%,14%
19,EAST MADHYA PRADESH,-60%,-64%,-64%,-47%,-18%,-16%,-18%,-5%,0%,14%,12%,8%,11%
1,ANUPPUR,127%,40%,-19%,-40%,-2%,-6%,-11%,-12%,-8%,10%,10%,11%,21%
2,BALAGHAT,-48%,-70%,-74%,-62%,-40%,-28%,-30%,-6%,-7%,-3%,-4%,-10%,-10%
3,CHHATARPUR,-62%,-75%,-76%,-46%,-11%,3%,-4%,-11%,-12%,-4%,-7%,-12%,-3%
4,CHHINDWARA,-88%,-12%,-19%,-8%,3%,-3%,-4%,27%,30%,37%,30%,30%,31%
5,DAMOH,-85%,-95%,-83%,-61%,-18%,-20%,-9%,-10%,-9%,-2%,-5%,-10%,-7%
6,DINDORI,16%,7%,-42%,-29%,11%,3%,-5%,-9%,-3%,12%,6%,4%,6%
7,JABALPUR,-95%,-95%,-77%,-50%,-11%,-24%,-31%,-10%,-1%,13%,9%,0%,0%
8,KATNI,-99%,-99%,-97%,-70%,-44%,-40%,-36%,-16%,0%,32%,22%,15%,15%
9,MANDLA,-36%,-24%,-48%,-44%,8%,13%,6%,20%,22%,38%,33%,23%,23%
10,NARSINGHPUR,-100%,-94%,-57%,-61%,-22%,-34%,-36%,-1%,11%,20%,12%,7%,5%
11,NIWARI,-64%,-87%,-45%,-49%,4%,11%,16%,12%,35%,52%,66%,47%,58%
12,PANNA,-94%,-98%,-92%,-50%,-38%,-32%,-21%,-15%,-1%,18%,9%,3%,5%
13,REWA,-50%,-88%,-89%,-65%,-48%,-51%,-56%,-60%,-55%,-39%,-31%,-33%,-24%
14,SAGAR,-80%,-83%,-79%,-59%,-34%,-25%,-26%,-4%,6%,22%,17%,15%,18%
15,SATNA,-59%,-84%,-83%,-52%,-37%,-29%,-33%,-33%,-27%,-5%,-11%,-16%,-11%
16,SEONI,-74%,-67%,-58%,-25%,8%,18%,20%,57%,52%,50%,46%,42%,42%
17,SHAHDOL,-58%,-79%,-83%,-23%,-20%,-15%,-11%,-9%,-13%,7%,7%,10%,15%
18,SIDHI,68%,-69%,-81%,-77%,-34%,-40%,-39%,-29%,-23%,1%,20%,21%,36%
19,SINGRAULI,348%,-77%,-88%,-58%,-30%,-26%,-30%,-38%,-25%,26%,42%,37%,49%
20,TIKAMGARH,-71%,-94%,-3%,-31%,28%,13%,-1%,-12%,6%,16%,14%,6%,16%
21,UMARIA,-100%,-100%,-99%,-79%,-56%,-43%,-51%,-36%,-25%,-4%,-8%,-9%,4%
20,WEST MADHYA PRADESH,14%,-23%,-30%,-3%,0%,7%,7%,4%,14%,21%,17%,10%,16%
1,AGAR-MALWA,-76%,-91%,-82%,-22%,-9%,-6%,7%,-2%,28%,32%,18%,7%,22%
2,ALIRAJPUR,-100%,-27%,-73%,21%,31%,7%,1%,-7%,11%,17%,18%,16%,48%
3,ASHOKNAGAR,129%,-77%,-28%,-34%,2%,18%,8%,-2%,6%,19%,14%,18%,24%
4,BARWANI,-58%,12%,-26%,20%,11%,10%,21%,10%,26%,19%,15%,11%,26%
5,BETUL,27%,37%,8%,-6%,-17%,-21%,-11%,-5%,0%,3%,7%,3%,4%
6,BHIND,-60%,-83%,-86%,-31%,45%,105%,56%,33%,29%,30%,35%,44%,46%
7,BHOPAL,88%,-41%,-28%,47%,58%,32%,19%,29%,35%,52%,37%,23%,34%
8,BURHANPUR,317%,53%,-26%,3%,4%,0%,9%,8%,12%,14%,19%,11%,16%
9,DATIA,-100%,-92%,-95%,-33%,-25%,24%,2%,-22%,-18%,-20%,-7%,-12%,-8%
10,DEWAS,18%,-55%,-31%,9%,-3%,4%,16%,5%,18%,13%,7%,0%,14%
11,DHAR,-46%,119%,-2%,19%,4%,-8%,-6%,-13%,-6%,-5%,-8%,-12%,-5%
12,GUNA,91%,-77%,51%,47%,20%,31%,22%,6%,6%,22%,27%,25%,25%
13,GWALIOR,-86%,-90%,-34%,-15%,50%,102%,48%,36%,16%,25%,29%,27%,27%
14,HARDA,168%,60%,-29%,-8%,-15%,-26%,-31%,-36%,-24%,-13%,-10%,-16%,-9%
15,INDORE,26%,-40%,-43%,1%,31%,8%,16%,-2%,-3%,-6%,-9%,-16%,-6%
16,JHABUA,-100%,-9%,-62%,9%,9%,-6%,-3%,-20%,-10%,-14%,-16%,-18%,1%
17,KHANDWA,544%,110%,24%,12%,9%,-11%,17%,11%,18%,13%,14%,8%,13%
18,KHARGONE,-96%,-45%,-55%,-14%,-15%,-18%,8%,0%,27%,23%,19%,14%,21%
19,MANDSAUR,-100%,-54%,-76%,-7%,-24%,-22%,-20%,-26%,10%,16%,3%,-7%,6%
20,MORENA,-86%,-96%,-63%,-35%,46%,70%,44%,16%,9%,9%,17%,12%,14%
21,NARMADAPURAM,-91%,-46%,-51%,-43%,-26%,-36%,-39%,0%,15%,22%,13%,4%,2%
22,NEEMUCH,-100%,-25%,-18%,36%,16%,27%,19%,24%,29%,47%,25%,13%,28%
23,RAISEN,-33%,-75%,-50%,-43%,-37%,-24%,-18%,9%,22%,39%,26%,17%,18%
24,RAJGARH,71%,-76%,50%,37%,17%,18%,47%,40%,49%,57%,41%,23%,32%
25,RATLAM,-100%,34%,-27%,21%,19%,15%,15%,-8%,6%,3%,-1%,-13%,10%
26,SEHORE,288%,-21%,-43%,-2%,-3%,-12%,-5%,11%,21%,27%,18%,5%,9%
27,SHAJAPUR,-47%,-86%,-35%,1%,12%,5%,20%,3%,29%,30%,19%,6%,10%
28,SHEOPUR,-100%,-100%,-64%,-30%,-6%,136%,70%,45%,40%,80%,97%,89%,86%
29,SHIVPURI,3%,-50%,-41%,13%,4%,66%,32%,12%,3%,32%,37%,36%,40%
30,UJJAIN,108%,-15%,-35%,-26%,-12%,-20%,-5%,-14%,3%,-4%,-11%,-20%,-11%
31,VIDISHA,109%,-50%,-55%,-9%,1%,11%,-1%,4%,13%,26%,17%,8%,9%
,GUJARAT,-99%,-71%,-71%,-43%,7%,1%,-3%,23%,23%,17%,7%,2%,40%
21,GUJARAT REGION,-98%,-55%,-74%,-49%,-17%,-20%,-19%,-10%,2%,3%,-3%,-9%,22%
1,AHMEDABAD,-97%,-64%,-67%,-35%,-10%,-23%,-24%,-18%,-7%,-11%,-16%,-20%,19%
2,ANAND,-100%,-100%,-99%,-64%,-47%,-52%,-44%,-39%,-10%,-13%,-12%,-20%,35%
3,ARAVALLI,-100%,-63%,-88%,-81%,-29%,-45%,-38%,-46%,-26%,-24%,-29%,-34%,13%
4,BANASKANTHA,-100%,-100%,-99%,-71%,20%,0%,-10%,-21%,-17%,-16%,-20%,-27%,-8%
5,BHARUCH,-100%,-78%,-80%,-46%,6%,1%,2%,41%,52%,45%,36%,30%,54%
6,CHHOTA UDEPUR,-100%,-8%,-54%,-4%,-10%,-26%,-28%,-36%,-15%,-9%,-11%,-13%,17%
7,DADARA & NAGAR HAVELI,-99%,-24%,-18%,-26%,-12%,-8%,-1%,19%,17%,26%,17%,15%,31%
8,DAHOD,-100%,-29%,-75%,-66%,-44%,-52%,-40%,-48%,-28%,-33%,-34%,-40%,8%
9,DAMAN,-100%,-97%,-92%,-56%,-28%,-31%,-22%,3%,-3%,6%,-4%,-7%,8%
10,DANGS,-92%,-72%,-79%,-59%,-51%,-42%,-46%,-32%,-20%,-6%,-12%,-15%,8%
11,GANDHINAGAR,-100%,-40%,-62%,-1%,-3%,-14%,-26%,-38%,-19%,-19%,-26%,-29%,11%
12,KHEDA,-100%,-97%,-99%,-32%,-21%,-20%,-21%,-32%,-9%,-12%,-16%,-21%,41%
13,MAHISAGAR,-100%,8%,-60%,-68%,-50%,-41%,-39%,-49%,-20%,-21%,-27%,-32%,25%
14,MEHSANA,-81%,-81%,-93%,-73%,-3%,-13%,-16%,-30%,12%,7%,-3%,-11%,26%
15,NARMADA,-100%,-29%,-60%,-33%,-29%,-15%,-5%,9%,14%,11%,1%,-4%,27%
16,NAVSARI,-100%,-48%,-69%,-60%,-10%,-8%,3%,32%,34%,39%,31%,26%,40%
17,PANCHMAHAL,-100%,-36%,-70%,-29%,-14%,-28%,-21%,-34%,-23%,-22%,-22%,-27%,19%
18,PATAN,-93%,-84%,-96%,-53%,-16%,-23%,-21%,-30%,-2%,-6%,-16%,-22%,11%
19,SABARKANTHA,-100%,-77%,-91%,-72%,-31%,-29%,-20%,-33%,-11%,-14%,-20%,-26%,2%
20,SURAT,-100%,-60%,-79%,-63%,-4%,1%,-1%,48%,45%,37%,30%,25%,42%
21,TAPI,-100%,-14%,-63%,-38%,-14%,-16%,-16%,3%,8%,11%,5%,0%,15%
22,VADODARA,-100%,-60%,-81%,-48%,-34%,-40%,-37%,-39%,-6%,-6%,-8%,-13%,20%
23,VALSAD,-95%,-27%,-49%,-40%,-24%,-21%,-20%,8%,9%,22%,13%,10%,31%
22,SAURASHTRA & KUTCH,-99%,-88%,-66%,-36%,36%,28%,19%,67%,51%,36%,23%,19%,67%
1,AMRELI,-96%,-36%,-33%,-43%,6%,0%,5%,23%,13%,5%,0%,-1%,21%
2,BHAVNAGAR,-100%,-91%,-55%,-34%,13%,9%,9%,13%,6%,1%,-5%,-6%,13%
3,BOTAD,-98%,-25%,-59%,-9%,14%,0%,-8%,-8%,-16%,-22%,-31%,-33%,9%
4,DEVBHOOMI DWARKA,-100%,-100%,92%,67%,145%,90%,74%,260%,222%,184%,155%,149%,239%
5,DIU,-100%,-99%,-97%,-98%,-38%,-38%,-24%,6%,-1%,-1%,-6%,-10%,-3%
6,GIR SOMNATH,-100%,-99%,-94%,-87%,-12%,-19%,-20%,37%,26%,18%,11%,7%,16%
7,JAMNAGAR,-100%,-100%,-97%,-36%,22%,8%,-7%,57%,41%,26%,13%,10%,96%
8,JUNAGADH,-100%,-98%,-94%,-67%,55%,45%,34%,128%,103%,82%,71%,64%,89%
9,KUTCH,-100%,-96%,-81%,2%,92%,87%,59%,101%,79%,60%,36%,30%,76%
10,MORBI,-100%,-100%,-81%,-57%,67%,44%,22%,21%,10%,2%,-5%,-8%,80%
11,PORBANDAR,-100%,-100%,4%,-42%,25%,20%,9%,165%,136%,109%,93%,87%,142%
12,RAJKOT,-100%,-97%,-94%,-72%,5%,-1%,-4%,22%,10%,-1%,-6%,-9%,59%
13,SURENDRANAGAR,-100%,-97%,-55%,-40%,-33%,-36%,-33%,-32%,-35%,-39%,-44%,-44%,20%
,DADARA & NAGAR HAVELI,-99%,-35%,-30%,-32%,-15%,-11%,-4%,17%,14%,22%,14%,12%,27%
1,DADARA & NAGAR HAVELI,-99%,-24%,-18%,-26%,-12%,-8%,-1%,19%,17%,26%,17%,15%,31%
1,DAMAN,-100%,-97%,-92%,-56%,-28%,-31%,-22%,3%,-3%,6%,-4%,-7%,8%
2,DIU,-100%,-99%,-97%,-98%,-38%,-38%,-24%,6%,-1%,-1%,-6%,-10%,-3%
23,KONKAN & GOA,-89%,-6%,-27%,-12%,-3%,14%,28%,43%,42%,39%,30%,24%,30%
,GOA,-60%,21%,-16%,-10%,-3%,27%,49%,57%,50%,54%,46%,39%,47%
1,NORTH GOA,-66%,-7%,-31%,-16%,-7%,29%,52%,60%,53%,55%,46%,39%,47%
2,SOUTH GOA,-54%,46%,-2%,-4%,1%,26%,47%,55%,47%,54%,46%,39%,46%
,MAHARASHTRA,-56%,41%,-1%,-2%,3%,10%,16%,32%,39%,35%,26%,22%,28%
1,MUMBAI CITY,-99%,-20%,-40%,-50%,-40%,-15%,5%,41%,36%,30%,22%,18%,19%
2,MUMBAI SUBURBAN,-99%,-16%,-47%,-52%,-36%,6%,22%,52%,47%,42%,32%,26%,28%
3,PALGHAR,-100%,11%,-22%,-19%,3%,1%,10%,32%,32%,31%,20%,14%,27%
4,RAIGAD,-94%,-13%,-36%,-19%,-12%,3%,19%,40%,41%,36%,27%,21%,24%
5,RATNAGIRI,-94%,-28%,-30%,-5%,3%,18%,27%,44%,42%,36%,28%,21%,27%
6,SINDHUDURG,-91%,2%,-21%,-11%,-5%,20%,41%,52%,46%,44%,39%,33%,42%
7,THANE,-97%,-10%,-39%,-23%,-10%,-1%,8%,22%,26%,24%,15%,9%,10%
24,MADHYA MAHARASHTRA,-59%,68%,25%,14%,14%,16%,21%,31%,46%,46%,36%,36%,51%
1,AHMEDNAGAR,-71%,68%,47%,25%,15%,30%,58%,49%,60%,53%,47%,63%,83%
2,DHULE,-92%,-2%,-9%,19%,18%,22%,24%,32%,35%,31%,24%,19%,47%
3,JALGAON,24%,129%,68%,33%,54%,55%,64%,52%,57%,52%,44%,39%,51%
4,KOLHAPUR,-100%,-18%,-44%,-36%,-17%,-2%,1%,33%,54%,52%,41%,36%,45%
5,NANDURBAR,-100%,-81%,-86%,-23%,-23%,-24%,-16%,-6%,5%,12%,4%,0%,29%
6,NASHIK,-90%,7%,-1%,-6%,4%,6%,4%,11%,20%,38%,29%,26%,50%
7,PUNE,-22%,76%,27%,10%,11%,8%,17%,35%,64%,68%,53%,49%,61%
8,SANGLI,35%,111%,50%,35%,33%,28%,36%,59%,78%,67%,56%,66%,77%
9,SATARA,-92%,37%,4%,0%,-6%,-13%,-10%,7%,28%,23%,12%,16%,26%
10,SHOLAPUR,-71%,257%,159%,125%,100%,96%,85%,67%,58%,45%,40%,50%,44%
25,MARATHWADA,-50%,105%,54%,32%,24%,19%,28%,27%,28%,19%,12%,12%,15%
1,BEED,-67%,109%,74%,47%,36%,29%,53%,49%,49%,38%,30%,36%,38%
2,CHH. SAMBHAJINAGAR,-17%,85%,29%,12%,0%,-2%,17%,5%,5%,0%,-3%,2%,19%
3,DHARASHIV,-86%,240%,160%,124%,106%,88%,94%,81%,73%,57%,44%,43%,37%
4,HINGOLI,-100%,-100%,-86%,-79%,-66%,-65%,-61%,-58%,-48%,-47%,-52%,-51%,-48%
5,JALNA,-79%,134%,60%,22%,10%,19%,23%,21%,18%,10%,5%,9%,15%
6,LATUR,15%,202%,151%,94%,72%,58%,62%,72%,71%,52%,43%,45%,43%
7,NANDED,-35%,-19%,-23%,-8%,0%,0%,5%,16%,22%,18%,7%,1%,3%
8,PARBHANI,-30%,108%,64%,42%,45%,35%,38%,37%,31%,25%,18%,14%,14%
26,VIDARBHA,3%,15%,-31%,-25%,-11%,-2%,-2%,28%,37%,31%,22%,17%,16%
1,AKOLA,46%,97%,7%,1%,0%,25%,21%,18%,24%,18%,11%,8%,12%
2,AMRAOTI,90%,39%,-27%,-20%,-24%,-14%,-14%,-1%,1%,-1%,-3%,-6%,-1%
3,BHANDARA,-91%,-65%,-80%,-63%,-56%,-39%,-37%,20%,32%,23%,15%,7%,6%
4,BULDHANA,154%,118%,46%,21%,22%,37%,35%,26%,27%,20%,16%,18%,23%
5,CHANDRAPUR,-86%,-44%,-56%,-48%,-22%,-9%,-8%,35%,53%,44%,31%,23%,20%
6,GADCHIROLI,-87%,-30%,-63%,-47%,-32%,-23%,-18%,39%,58%,51%,41%,30%,27%
7,GONDIA,-65%,-57%,-77%,-57%,-48%,-34%,-32%,2%,3%,6%,1%,-5%,-7%
8,NAGPUR,11%,-10%,-36%,-35%,-17%,-18%,-20%,27%,27%,19%,12%,11%,8%
9,WARDHA,108%,20%,-22%,-14%,5%,9%,9%,54%,57%,51%,39%,34%,34%
10,WASHIM,58%,129%,35%,15%,20%,29%,26%,16%,22%,16%,8%,11%,12%
11,YEOTMAL,43%,10%,-24%,-3%,34%,39%,36%,44%,53%,42%,31%,26%,25%
27,CHHATTISGARH,60%,-17%,-55%,-43%,-20%,-26%,-24%,-3%,7%,15%,9%,4%,6%
1,BALOD,-100%,-50%,-62%,-24%,-24%,-24%,-24%,44%,45%,41%,29%,18%,15%
2,BALODA BAZAR,-60%,-66%,-53%,-1%,31%,-2%,-13%,5%,32%,44%,29%,22%,25%
3,BALRAMPUR,109%,-42%,-68%,-46%,16%,7%,8%,-2%,11%,64%,69%,67%,72%
4,BASTAR,-6%,-50%,-67%,-55%,-17%,-27%,-14%,8%,11%,14%,6%,2%,-1%
5,BEMETARA,-66%,-84%,-90%,-59%,-60%,-62%,-58%,-42%,-36%,-30%,-37%,-40%,-41%
6,BIJAPUR,234%,68%,-23%,-14%,24%,-1%,21%,97%,109%,105%,88%,72%,70%
7,BILASPUR,42%,23%,-29%,-25%,22%,10%,-4%,-9%,11%,16%,4%,-3%,2%
8,DANTEWADA,78%,-8%,-63%,-56%,-13%,-29%,-25%,11%,27%,27%,18%,9%,7%
9,DHAMTARI,-100%,-54%,-77%,-47%,-31%,-38%,-25%,15%,17%,13%,4%,-4%,-6%
10,DURG,-100%,-92%,-74%,-45%,-51%,-53%,-49%,-26%,-23%,-10%,-18%,-21%,-25%
11,GARIABAND,39%,-53%,-71%,-61%,-51%,-52%,-21%,6%,9%,8%,2%,-3%,-4%
12,GAURELA-PENDRA-MARWAHI,30%,84%,3%,-11%,20%,12%,6%,7%,7%,18%,14%,6%,15%
13,JANJGIR-CHAMPA,-100%,-54%,-64%,-33%,0%,-13%,-17%,-20%,-1%,6%,3%,3%,15%
14,JASHPUR,-13%,-48%,-67%,-74%,-54%,-53%,-53%,-53%,-47%,-34%,-36%,-34%,-28%
15,KABIRDHAM,344%,41%,-18%,0%,3%,-16%,-16%,1%,8%,15%,7%,2%,2%
16,KANKER,-100%,-51%,-74%,-61%,-49%,-45%,-42%,2%,31%,25%,13%,4%,-3%
17,KHAIRAGARH-CHHUIKHADAN-GANDAI,7%,53%,-52%,-3%,-20%,-16%,-24%,14%,18%,26%,20%,15%,13%
18,KONDAGAON,-63%,-57%,-79%,-66%,-47%,-46%,-30%,-2%,17%,13%,4%,-4%,-8%
19,KORBA,149%,70%,-54%,-47%,17%,6%,-9%,-16%,5%,8%,13%,8%,21%
20,KOREA,-76%,-84%,-85%,-62%,-34%,-39%,-37%,-41%,-37%,-8%,3%,2%,5%
21,MAHASAMUND,23%,-32%,-62%,-41%,-28%,-34%,-38%,-18%,-15%,-10%,-18%,-22%,-17%
22,MANENDRAGARH-CHIRMIRI-BHARATPUR,-78%,-87%,-80%,-69%,-53%,-52%,-50%,-43%,-34%,-9%,3%,0%,1%
23,MOHALA-MANPUR-CHOWKI,-80%,-43%,-54%,-42%,-29%,-34%,-32%,13%,44%,45%,34%,24%,22%
24,MUNGELI,240%,-20%,-16%,-3%,12%,-11%,-10%,9%,15%,26%,16%,15%,26%
25,NARAYANPUR,271%,83%,-9%,-24%,-14%,-9%,-16%,19%,31%,31%,18%,9%,6%
26,RAIGARH,266%,44%,-39%,-44%,-5%,-10%,-18%,-28%,-21%,-13%,-17%,-14%,-6%
27,RAIPUR,-38%,-40%,-54%,-17%,-23%,-30%,-30%,-5%,-3%,14%,3%,-5%,-4%
28,RAJNANDGAON,-100%,-91%,-78%,-50%,-46%,-47%,-47%,10%,16%,23%,15%,7%,3%
29,SAKTI,6%,-46%,-70%,-32%,-12%,-28%,-35%,-37%,-27%,-15%,-16%,-17%,-5%
30,SARANGARH-BILAIGARH,198%,8%,-55%,-50%,-27%,-36%,-41%,-46%,-45%,-30%,-31%,-30%,-27%
31,SUKMA,229%,-17%,-52%,-25%,22%,10%,10%,56%,58%,49%,37%,30%,29%
32,SURAJPUR,119%,-28%,-53%,-54%,-48%,-46%,-49%,-49%,-41%,-13%,-9%,-6%,-2%
33,SURGUJA,-21%,-74%,-76%,-78%,-62%,-69%,-60%,-61%,-57%,-46%,-45%,-43%,-39%
,ANDHRA PRADESH,192%,137%,88%,60%,60%,46%,43%,55%,43%,40%,35%,35%,27%
28,COASTAL A. P. & YANAM,202%,71%,21%,15%,34%,26%,30%,55%,46%,41%,34%,27%,22%
1,ANAKAPALLI,572%,100%,50%,49%,64%,38%,34%,95%,77%,63%,48%,39%,44%
2,BAPATLA,198%,20%,6%,-15%,31%,27%,46%,33%,15%,12%,3%,-6%,-14%
3,DR B R AMBEDKAR KONASEEMA,289%,23%,0%,-21%,-1%,0%,23%,32%,37%,37%,24%,18%,32%
4,EAST GODAVARI,11%,-27%,-57%,3%,18%,11%,20%,64%,58%,46%,39%,30%,26%
5,ELURU,-42%,-5%,-30%,-1%,17%,20%,29%,70%,64%,58%,51%,43%,37%
6,GUNTUR,43%,-1%,32%,7%,63%,26%,56%,61%,45%,44%,31%,17%,11%
7,KAKINADA,316%,89%,7%,36%,45%,25%,15%,35%,30%,32%,29%,21%,23%
8,KRISHNA,-55%,23%,7%,-12%,27%,15%,53%,59%,45%,37%,23%,13%,6%
9,NTR DISTRICT,250%,35%,47%,43%,62%,43%,40%,45%,31%,38%,28%,19%,12%
10,PALNADU,387%,146%,49%,17%,48%,20%,16%,22%,15%,23%,13%,6%,-2%
11,PARVATHIPURAM MANYAM,234%,28%,24%,17%,21%,20%,24%,35%,26%,21%,16%,18%,19%
12,PRAKASAM,58%,131%,46%,5%,15%,0%,10%,8%,-5%,-5%,3%,0%,-7%
13,SPSR NELLORE,328%,333%,161%,103%,107%,99%,87%,80%,62%,64%,52%,34%,21%
14,SRI ALLURI SITHARAMARAJU DISTRICT,18%,-33%,-39%,-25%,7%,6%,3%,42%,42%,31%,29%,24%,18%
15,SRIKAKULAM,473%,56%,-5%,-14%,-3%,-4%,-7%,40%,25%,18%,12%,11%,9%
16,VISHAKHAPATNAM,838%,128%,29%,11%,14%,-2%,-7%,67%,51%,37%,25%,15%,16%
17,VIZIANAGARAM,204%,10%,26%,26%,17%,10%,9%,47%,39%,24%,20%,17%,11%
18,WEST GODAVARI,-70%,34%,-2%,25%,58%,65%,68%,86%,82%,70%,51%,39%,39%
19,YANAM,422%,84%,27%,-2%,-1%,-23%,48%,60%,61%,61%,48%,36%,32%
29,RAYALASEEMA,182%,237%,208%,148%,117%,91%,74%,59%,41%,40%,41%,56%,42%
1,ANANTAPURAMU,173%,267%,216%,161%,131%,100%,67%,46%,34%,28%,35%,119%,92%
2,ANNAMAYYA DISTRICT,220%,289%,282%,201%,159%,121%,91%,63%,47%,45%,52%,39%,26%
3,CHITTOOR,95%,125%,131%,139%,109%,96%,84%,59%,42%,45%,71%,59%,45%
4,KURNOOL,220%,201%,167%,92%,66%,39%,28%,27%,9%,11%,3%,22%,21%
5,NANDYAL,520%,357%,281%,165%,131%,98%,83%,91%,62%,58%,48%,56%,46%
6,SRI SATHYASAI DISTRICT,87%,227%,250%,199%,170%,140%,111%,85%,67%,56%,82%,132%,104%
7,TIRUPATI,95%,210%,148%,118%,77%,79%,88%,58%,43%,54%,41%,34%,24%
8,YSR DISTRICT,118%,216%,203%,137%,116%,79%,56%,43%,25%,25%,17%,17%,3%
30,TELANGANA,127%,48%,8%,9%,18%,12%,13%,31%,27%,22%,13%,13%,11%
1,ADILABAD,-14%,-37%,-1%,21%,25%,21%,14%,19%,19%,9%,-1%,-4%,-5%
2,B. KOTHAGUDEM,51%,3%,-25%,10%,29%,37%,35%,53%,46%,43%,33%,25%,17%
3,HANUMAKONDA,390%,65%,27%,71%,54%,37%,44%,76%,68%,64%,51%,45%,38%
4,HYDERABAD,21%,57%,30%,18%,11%,-8%,-2%,-1%,-8%,-19%,-12%,17%,7%
5,J. BHUPALPALLY,77%,13%,-25%,1%,-3%,-1%,10%,52%,52%,42%,30%,23%,19%
6,JAGTIAL,177%,-16%,-32%,-10%,28%,21%,16%,49%,50%,40%,30%,31%,30%
7,JANGAON,4%,15%,4%,-3%,17%,8%,9%,15%,6%,-2%,-7%,-6%,-9%
8,JOGULAMBA GADWAL,328%,192%,146%,78%,58%,41%,59%,58%,34%,48%,38%,49%,50%
9,KAMAREDDY,101%,-2%,-13%,-17%,-10%,-13%,-15%,12%,20%,9%,-1%,-3%,-4%
10,KARIMNAGAR,98%,-19%,-15%,19%,46%,21%,24%,56%,53%,44%,33%,34%,33%
11,KHAMMAM,107%,12%,-14%,12%,25%,26%,28%,33%,20%,24%,16%,10%,6%
12,KUMARAM BHEEM,-20%,-29%,-20%,-22%,7%,18%,6%,35%,38%,31%,19%,15%,15%
13,M. MALKAJGIRI,82%,104%,27%,14%,10%,-7%,6%,16%,10%,-1%,-5%,31%,22%
14,MAHABUBABAD,97%,38%,35%,29%,34%,22%,16%,27%,24%,27%,25%,17%,10%
15,MAHABUBNAGAR,178%,105%,39%,6%,22%,42%,62%,68%,51%,48%,35%,43%,48%
16,MANCHERIAL,-35%,-69%,-78%,-59%,-20%,-21%,-18%,18%,23%,13%,4%,3%,4%
17,MEDAK,141%,61%,13%,3%,-11%,-30%,-32%,-15%,-16%,-22%,-27%,-16%,-17%
18,MULUGU,101%,20%,-23%,1%,28%,40%,50%,91%,87%,84%,68%,58%,56%
19,NAGARKURNOOL,202%,186%,124%,61%,63%,51%,50%,59%,49%,47%,40%,48%,46%
20,NALGONDA,547%,271%,140%,88%,66%,28%,13%,15%,5%,1%,-8%,-6%,-11%
21,NARAYANPET,469%,190%,110%,66%,55%,58%,84%,87%,64%,77%,69%,81%,79%
22,NIRMAL,-3%,-32%,-38%,12%,15%,12%,13%,32%,27%,21%,11%,8%,11%
23,NIZAMABAD,2%,-7%,-37%,-19%,-11%,-13%,0%,26%,24%,18%,9%,6%,7%
24,PEDDAPALLE,155%,-25%,-47%,-7%,19%,10%,12%,43%,50%,40%,31%,27%,26%
25,RAJANNA SIRCILLA,16%,13%,4%,4%,33%,17%,17%,35%,37%,26%,16%,21%,19%
26,RANGAREDDY,15%,16%,-4%,-17%,-13%,-16%,-13%,-11%,-17%,-27%,-25%,-9%,-15%
27,SANGAREDDY,36%,81%,14%,-13%,-17%,-30%,-31%,-22%,-25%,-34%,-34%,-31%,-29%
28,SIDDIPET,164%,39%,-6%,5%,3%,-11%,-16%,7%,4%,-3%,-10%,7%,5%
29,SURYAPET,283%,87%,55%,41%,49%,28%,21%,28%,16%,17%,13%,8%,3%
30,VIKARABAD,57%,96%,43%,3%,12%,9%,19%,20%,10%,-2%,-8%,-6%,-10%
31,WANAPARTHY,146%,116%,64%,11%,22%,16%,45%,51%,30%,39%,28%,28%,34%
32,WARANGAL,302%,28%,-1%,0%,10%,5%,-3%,9%,7%,3%,-6%,-12%,-13%
33,Y. BHUVANAGIRI,-15%,39%,18%,-5%,-4%,-24%,-24%,-13%,-17%,-27%,-24%,-2%,-5%
31,TAMIL. PUDU.& KARAIKAL,130%,170%,129%,128%,104%,79%,88%,67%,56%,65%,93%,86%,66%
,TAMILNADU,131%,170%,129%,128%,105%,79%,88%,67%,56%,65%,92%,86%,66%
1,ARIYALUR,54%,82%,77%,59%,57%,27%,15%,-7%,-19%,11%,50%,30%,12%
2,CHENGALPATTU,169%,233%,258%,230%,157%,143%,165%,123%,90%,114%,117%,84%,66%
3,CHENNAI,78%,267%,336%,267%,176%,204%,175%,139%,101%,113%,93%,66%,52%
4,COIMBATORE,57%,63%,-7%,34%,34%,23%,52%,59%,79%,72%,62%,59%,52%
5,CUDDALORE,148%,222%,187%,200%,151%,107%,112%,76%,53%,70%,99%,77%,53%
6,DHARMAPURI,113%,174%,122%,113%,89%,58%,46%,34%,14%,8%,70%,66%,44%
7,DINDIGUL,61%,123%,108%,85%,66%,36%,47%,22%,19%,24%,84%,107%,80%
8,ERODE,144%,119%,75%,60%,52%,39%,43%,24%,15%,23%,42%,70%,50%
9,KALLAKURICHI,290%,201%,125%,89%,51%,25%,27%,10%,-9%,19%,46%,31%,13%
10,KANCHEEPURAM,92%,200%,274%,201%,137%,143%,159%,117%,85%,124%,129%,97%,79%
11,KANYAKUMARI,-96%,9%,-17%,15%,14%,3%,11%,7%,15%,8%,18%,20%,15%
12,KARUR,211%,410%,326%,264%,236%,172%,99%,60%,42%,59%,121%,157%,109%
13,KRISHNAGIRI,269%,277%,221%,219%,178%,127%,98%,79%,54%,57%,123%,100%,72%
14,MADURAI,58%,243%,196%,125%,90%,47%,56%,31%,13%,22%,68%,104%,77%
15,MAYILADUTHURAI,37%,97%,59%,70%,74%,62%,42%,17%,-2%,2%,-2%,-7%,-15%
16,NAGAPATTINAM,27%,107%,37%,22%,11%,-1%,-16%,-31%,-41%,-26%,-27%,-26%,-38%
17,NAMAKKAL,144%,226%,184%,155%,130%,86%,61%,29%,10%,31%,45%,49%,27%
18,NILGIRIS,13%,71%,24%,49%,75%,58%,92%,101%,116%,102%,92%,86%,79%
19,PERAMBALUR,254%,106%,55%,29%,18%,7%,13%,-8%,-22%,46%,84%,86%,57%
20,PUDUKKOTTAI,197%,245%,274%,226%,180%,147%,122%,85%,60%,99%,123%,107%,77%
21,RAMANATHAPURAM,320%,336%,237%,243%,197%,168%,144%,92%,62%,66%,118%,111%,84%
22,RANIPET,-32%,204%,294%,240%,181%,172%,181%,142%,102%,117%,149%,118%,99%
23,SALEM,233%,188%,144%,148%,108%,82%,68%,42%,22%,42%,84%,82%,59%
24,SIVAGANGA,138%,202%,166%,154%,119%,104%,112%,77%,50%,60%,100%,114%,89%
25,TENKASI,-92%,-50%,-57%,39%,41%,26%,88%,75%,93%,80%,89%,75%,66%
26,THANJAVUR,103%,172%,129%,154%,131%,79%,63%,33%,15%,46%,61%,37%,16%
27,THENI,202%,269%,178%,222%,214%,147%,166%,141%,152%,129%,159%,172%,144%
28,TIRUNELVELI,-55%,210%,138%,316%,399%,332%,450%,432%,479%,438%,480%,455%,420%
29,TIRUPATTUR,181%,205%,150%,221%,166%,119%,98%,65%,44%,41%,92%,68%,50%
30,TIRUPPUR,48%,194%,138%,117%,100%,55%,83%,66%,77%,67%,101%,188%,147%
31,TIRUVALLUR,71%,263%,299%,202%,140%,161%,167%,133%,102%,109%,105%,76%,60%
32,TIRUVANNAMALAI,144%,150%,127%,144%,118%,79%,99%,63%,41%,62%,121%,99%,79%
33,TIRUVARUR,474%,152%,77%,114%,88%,50%,34%,8%,-9%,4%,22%,15%,-3%
34,TOOTHUKUDI,152%,74%,33%,6%,-8%,-19%,-29%,-47%,-56%,-52%,78%,100%,66%
35,TRICHY,294%,377%,294%,267%,229%,153%,106%,69%,47%,67%,67%,66%,41%
36,VELLORE,36%,32%,148%,162%,128%,100%,118%,86%,59%,71%,116%,89%,71%
37,VILLUPURAM,113%,87%,59%,87%,53%,35%,59%,40%,18%,59%,142%,111%,85%
38,VIRUDHUNAGAR,552%,499%,356%,301%,248%,162%,148%,99%,75%,89%,175%,202%,157%
,PUDUCHERRY (UT),17%,46%,0%,44%,42%,49%,51%,35%,20%,16%,82%,60%,46%
1,KARAIKAL,10%,37%,5%,-5%,48%,23%,13%,-7%,-20%,-23%,3%,-9%,-22%
2,MAHE,-60%,-13%,-39%,-12%,-4%,5%,20%,16%,24%,25%,20%,16%,14%
3,PUDUCHERRY,3%,70%,8%,113%,74%,107%,87%,58%,26%,19%,144%,105%,85%
4,YANAM,422%,84%,27%,-2%,-1%,-23%,48%,60%,61%,61%,48%,36%,32%
,KARNATAKA,18%,66%,10%,-1%,-1%,6%,15%,26%,33%,32%,26%,25%,24%
32,COASTAL KARNATAKA,-63%,25%,-28%,-22%,-14%,4%,16%,27%,31%,35%,25%,18%,20%
1,DAKSHINA KANNADA,-47%,-11%,-46%,-29%,-18%,-12%,-9%,0%,7%,10%,3%,-3%,-4%
2,UDUPI,-79%,7%,-34%,-26%,-12%,8%,19%,26%,28%,33%,23%,16%,16%
3,UTTARA KANNADA,-64%,58%,-13%,-16%,-14%,11%,30%,44%,46%,50%,39%,32%,35%
33,N. I. KARNATAKA,66%,126%,72%,39%,25%,18%,15%,21%,23%,16%,12%,18%,18%
1,BAGALKOTE,55%,156%,118%,90%,68%,52%,55%,55%,49%,44%,41%,49%,46%
2,BELAGAVI,-44%,59%,8%,-4%,-11%,-9%,-7%,21%,45%,37%,27%,24%,30%
3,BIDAR,54%,111%,44%,18%,6%,-4%,-9%,2%,-3%,-13%,-18%,-13%,-15%
4,DHARWAD,-14%,43%,-7%,-12%,-18%,-18%,-11%,6%,18%,13%,5%,4%,9%
5,GADAG,139%,125%,85%,60%,56%,40%,31%,35%,34%,22%,18%,30%,31%
6,HAVERI,-70%,-2%,-36%,-43%,-43%,-39%,-26%,0%,15%,8%,10%,8%,13%
7,KALABURGI,79%,59%,25%,-5%,2%,5%,-1%,-7%,-15%,-22%,-26%,-24%,-25%
8,KOPPAL,157%,170%,165%,120%,93%,78%,56%,49%,33%,32%,27%,76%,63%
9,RAICHUR,116%,79%,83%,32%,14%,9%,17%,8%,-6%,4%,0%,20%,16%
10,VIJAYAPURA,215%,386%,230%,165%,133%,109%,98%,85%,72%,63%,64%,72%,69%
11,YADGIR,186%,140%,125%,59%,34%,19%,14%,1%,-13%,-15%,-12%,2%,-2%
34,S. I. KARNATAKA,34%,63%,12%,-2%,1%,2%,14%,29%,42%,37%,34%,37%,32%
1,BALLARI,176%,187%,192%,136%,119%,109%,89%,87%,67%,50%,54%,94%,76%
2,BENGALURU RURAL,152%,175%,118%,90%,69%,64%,50%,29%,14%,50%,50%,62%,42%
3,BENGALURU URBAN,188%,118%,80%,66%,52%,46%,32%,20%,9%,36%,39%,35%,19%
4,CHAMARAJANAGAR,159%,147%,78%,56%,67%,51%,64%,71%,76%,62%,74%,84%,64%
5,CHIKABALLAPURA,213%,192%,172%,136%,112%,98%,73%,54%,36%,22%,29%,56%,38%
6,CHIKKAMAGALURU,-70%,7%,-35%,-34%,-11%,3%,31%,49%,76%,67%,55%,49%,50%
7,CHITRADURGA,34%,111%,103%,76%,63%,62%,69%,73%,72%,72%,97%,151%,124%
8,DAVANGERE,-39%,65%,74%,43%,31%,38%,46%,63%,67%,50%,61%,74%,64%
9,HASSAN,-27%,-3%,-42%,-48%,-45%,-48%,-35%,-10%,7%,0%,2%,2%,-3%
10,KODAGU,-66%,-17%,-47%,-38%,-17%,-18%,-2%,11%,29%,24%,16%,9%,9%
11,KOLAR,25%,63%,31%,15%,5%,-8%,-17%,-28%,-38%,-33%,-13%,-11%,-21%
12,MANDYA,59%,66%,30%,20%,23%,17%,18%,38%,51%,47%,65%,68%,49%
13,MYSURU,47%,71%,10%,1%,2%,-10%,13%,36%,56%,55%,53%,45%,35%
14,RAMANAGARA,216%,165%,117%,99%,88%,76%,65%,52%,48%,48%,45%,39%,22%
15,SHIVAMOGGA,-71%,21%,-41%,-41%,-29%,-19%,-4%,23%,40%,36%,24%,19%,21%
16,TUMAKURU,32%,79%,46%,45%,34%,22%,14%,5%,1%,7%,20%,71%,44%
17,VIJAYANAGARA,211%,237%,184%,132%,111%,100%,87%,80%,75%,57%,65%,94%,85%
35,KERALA & MAHE,-15%,-23%,-47%,-27%,-26%,-27%,-15%,-21%,-4%,-7%,-10%,-12%,-14%
,KERALA,-16%,-23%,-47%,-27%,-26%,-27%,-15%,-21%,-4%,-7%,-10%,-12%,-14%
1,ALAPUZHA,-43%,-49%,-60%,-29%,-27%,-29%,-15%,27%,-16%,-19%,-22%,-23%,-26%
2,CANNUR,-64%,-19%,-43%,-22%,-11%,-7%,7%,-51%,22%,23%,18%,13%,12%
3,ERNAKULAM,2%,-35%,-53%,-34%,-36%,-38%,-29%,-56%,-22%,-22%,-24%,-25%,-27%
4,IDUKKI,-6%,-35%,-58%,-37%,-38%,-45%,-32%,-31%,-25%,-30%,-31%,-31%,-33%
5,KASARGOD,-31%,-17%,-46%,-32%,-25%,-23%,-17%,-14%,-9%,-7%,-11%,-15%,-15%
6,KOLLAM,-67%,-51%,-55%,-23%,-23%,-24%,-10%,-12%,-7%,-13%,-13%,-12%,-15%
7,KOTTAYAM,47%,-15%,-36%,-10%,-11%,-14%,2%,-5%,0%,-4%,-6%,-3%,-6%
8,KOZHIKODE,-35%,-25%,-48%,-34%,-28%,-25%,-11%,-10%,-2%,-2%,-6%,-10%,-12%
9,MALAPPURAM,12%,-12%,-43%,-27%,-25%,-25%,-13%,-12%,6%,2%,-4%,-7%,-8%
10,PALAKKAD,-13%,2%,-40%,-24%,-27%,-29%,-12%,-8%,15%,8%,3%,1%,-2%
11,PATHANAMTHITTA,-31%,-34%,-51%,-14%,-17%,-20%,-7%,-13%,-6%,-11%,-10%,-10%,-14%
12,THIRUVANANTHAPURAM,-93%,-42%,-52%,-12%,-8%,-14%,-2%,-4%,5%,-1%,6%,8%,5%
13,THRISSUR,57%,0%,-31%,-20%,-24%,-28%,-16%,-15%,-2%,-5%,-8%,-9%,-12%
14,WYNAD,-19%,-18%,-54%,-41%,-37%,-42%,-29%,-23%,-15%,-21%,-26%,-28%,-30%
1,MAHE,-60%,-13%,-39%,-12%,-4%,5%,20%,16%,24%,25%,20%,16%,14%
36,LAKSHADWEEP,-85%,-63%,-68%,-6%,-8%,-11%,1%,3%,3%,7%,15%,42%,43%
